,files,a,b,c,rmse
0,2019_07_15_19_00_00.json,-320.27111981170367,4.479213287677658,-0.005041857376185746,36.55002339751964
1,2019_07_17_06_19_04.json,-247.36786731228648,3.689937055464996,-0.0030878915005437503,40.04801240907008
2,2019_07_22_16_45_01.json,-169.5352090744743,2.929533738591174,-0.0013809371801836903,59.121872045736026
3,2019_07_26_16_45_01.json,-144.06893976764488,2.5952583786449286,0.00015597256296619595,26.281635093066864
4,2019_07_28_16_45_01.json,-141.99924956103905,2.6967911535201745,-0.00039280897155503144,27.74013959591385
5,2019_08_03_16_45_01.json,-171.21529378177456,3.0423881458056474,-0.0007731047302081822,44.8542790726103
6,2019_08_06_16_45_01.json,-193.01231947117103,3.800735582940812,-0.004630252755355148,59.04602544291569
7,2019_08_11_16_45_01.json,-133.02397126079612,2.64926468619606,-0.000628387951888536,45.17617502739738
8,2019_08_20_16_45_01.json,-235.2326271689806,3.298480881198046,-0.001047928816634202,65.66964549354421
9,2019_08_23_16_45_01.json,-27.082055666953636,1.6760088937668436,-0.00013360122173681306,28.03192891358365
10,2019_08_23_20_09_39.json,183.375195148146,0.43796031832090093,-0.00017235538562297432,39.81061332760241
11,2019_08_27_16_45_01.json,-131.4195873643774,2.658746401903187,-0.0007518140849844111,45.19884434403764
12,2019_09_02_16_45_01.json,-178.04185455683134,3.1903874871175257,-0.0014864670603508736,43.332284506224305
13,2019_10_12_14_25_07.json,228.68939879717038,0.3643886910712764,-0.00040045244574467997,73.01128482612849
14,2019_10_13_19_14_55.json,145.47603002750782,0.5715679569105714,0.00016022166712760736,54.47890751229957
15,2019_10_16_06_54_41.json,73.24701815868397,1.1197339734038165,6.0355459148543724e-05,66.59126772417487
16,2019_10_20_08_51_42.json,-161.36608262046133,2.8499646217300296,-0.00017837545039155192,84.38232393470624
17,2019_10_23_18_52_27.json,202.92120708257738,0.2265520843301238,-9.104990360773009e-05,38.922310951254545
18,2019_10_24_18_46_38.json,125.96649399615539,0.7909857862096017,-0.0003941880810595145,37.515057608068844
19,2019_10_26_10_24_07.json,172.53845730247218,0.4191555998721658,-0.00010931914840077005,37.20504119722681
20,2019_10_27_18_28_33.json,195.59500416113548,0.27206978643383445,-1.3785631712311619e-05,39.74497367801243
21,2019_10_29_08_11_27.json,163.0079018441096,0.47394518538576585,-9.849864886419187e-05,32.27482429024741
22,2019_10_30_17_56_27.json,146.04848603900277,0.6826207264176789,-0.0002874565826466387,33.06073440306349
23,2019_10_31_08_23_04.json,184.71063370251343,0.3390558613385604,-0.0005283626527461314,38.09155148166225
24,2019_11_02_10_38_03.json,245.60427725559362,0.17319474747007826,-0.0010308630770451512,58.96947167052317
25,2019_11_05_07_16_37.json,-73.23690092621607,2.216171066916386,-0.0020800707711756614,52.28408335033149
26,2019_11_06_11_40_57.json,-386.44875981340226,4.297879175202874,-0.0019501595046546023,76.50868598255208
27,2019_11_07_09_13_09.json,-85.86028627928334,2.338989620655717,-0.0025485648642778673,58.52301402114499
28,2019_11_10_10_20_54.json,223.94774857684035,0.06956334766167682,9.31476331661046e-05,40.22642950636105
29,2019_11_17_19_36_30.json,-94.10846905288861,2.1910873687287467,-0.00017409495622575056,47.880785146796654
30,2020_02_02_08_28_35.json,-43.31825492579134,1.9878411766374262,-0.0015244044670704152,33.67725097616839
31,2020_02_04_16_45_01.json,-173.79901726391716,2.9027841737993785,-0.002399081014483153,42.44226387570529
32,2020_02_07_07_44_50.json,-89.5465287090365,2.030131044230323,-0.001000801018405704,33.7476965916891
33,2020_02_10_08_21_09.json,220.04241581376493,-0.07613879386639728,-7.365879526816109e-05,18.299803101097574
34,2020_02_11_17_53_36.json,21.91219884582219,1.3374983368697797,-0.0003552265389799485,22.057456052934405
35,2020_02_13_07_39_29.json,142.3699991451679,0.4677899358237022,-0.000199486615433925,17.251313790571356
36,2020_02_14_08_00_01.json,-209.1075138596499,3.198881102195327,-0.0023865584960690595,100.02601882901017
37,2020_02_16_16_39_54.json,-24.83359966290024,1.8852493464678652,-0.0013876951911970142,38.03716285132369
38,2020_02_18_08_00_01.json,-165.65547042640264,2.8150090455813555,-0.0022878855132684723,78.02447406324866
39,2020_02_20_17_34_19.json,201.2940104203082,-0.011627362062501681,0.00014932258771235482,33.56378305694046
40,2020_02_22_08_15_01.json,-224.7524148205638,3.086573813111354,-0.001048123288226721,90.64948292183834
41,2020_02_23_08_36_50.json,-70.36763180945067,2.2957928096475606,-0.000654714181999455,56.506295494718955
42,2020_02_24_16_45_01.json,-196.61981061136123,3.328340550409541,-0.0019933476087574606,58.34437087258529
43,2020_02_26_17_47_39.json,-101.49366387971122,2.5347135936230485,-0.0018248148103941653,24.38958399024458
44,2020_02_28_16_30_01.json,-171.63999654062275,2.8236890454336887,-0.001219236728717438,67.78968001357289
45,2020_03_01_16_30_01.json,-31.235356158184203,2.006343560932759,-0.0004535476724696857,31.84157708118742
46,2020_03_03_07_53_27.json,-340.99757206268487,3.914446438230474,-0.0011945055608260948,39.17704651687725
47,2020_03_04_08_00_01.json,-177.042462335279,2.963854917452729,-0.0013919259716722158,64.89653530293421
48,2020_03_06_13_29_09.json,-134.67764515467536,2.5809681505683373,-0.0006525829849096012,59.27168868332967
49,2020_03_15_14_54_27.json,13.186201083331554,1.4045731125526333,2.421975961167859e-06,53.90462529477131
50,2020_03_18_17_22_02.json,-467.17193363136136,4.840399698583732,-0.0008758321446914062,49.22985208083346
51,2020_03_20_08_30_59.json,-347.6769767989463,3.8566232950071186,-0.001211348527464325,61.91184788378511
52,2020_03_21_12_25_11.json,46.76686062181531,1.3636602409120375,-0.0009605134380356827,54.891633455811544
53,2020_03_22_09_59_26.json,59.516487791158454,1.1789388075640002,-0.0004056026748919266,53.947301696448335
54,2020_03_22_17_57_51.json,-251.45574501321207,3.1868831960247133,-0.0002721675565373496,60.49235421821306
55,2020_03_24_08_09_06.json,-135.8322600265999,2.486982895578376,-0.000873057560059858,49.839926099295226
56,2020_03_24_18_45_03.json,-304.84628718348745,3.3975977957322456,0.00038166557960952146,55.71741543980146
57,2020_03_26_08_10_04.json,-414.1859062177299,4.471045715214602,-0.0007935166845435479,44.799744360291854
58,2020_03_26_18_17_11.json,-838.6371049162569,7.599329314814644,-0.0019253584125943739,98.0056677990118
59,2020_03_27_17_42_54.json,-183.4372839812226,2.864769951026389,-1.2930379875871744e-05,49.72521737861598
60,2020_03_28_17_20_10.json,-67.91937802052942,2.212404871018921,-0.0007249055032081529,61.57877230955954
61,2020_03_29_15_26_35.json,-342.96272978056106,3.8950341737254552,-0.00021078239619024588,60.435627499486515
62,2020_03_30_17_22_03.json,-622.7114261163135,6.029971719159624,-0.0005301790028253814,52.82678974987224
63,2020_03_31_16_52_23.json,-219.21673915814074,3.146546433722287,-0.00041060407831663596,53.3179609647579
64,2020_04_02_07_58_35.json,-274.36067516581113,3.4945060846939566,0.0001205051075416816,60.60640392670003
65,2020_04_02_18_01_49.json,-589.7967968686021,5.78755484675275,-0.001892246180814623,129.8017763250904
66,2020_04_03_17_01_20.json,-752.7386125816699,6.831077382214988,-0.00024978480301335884,42.85877813422932
67,2020_04_04_15_14_56.json,-521.4103705167219,5.202942798281854,-0.00022202424812461566,46.153107561106324
68,2020_04_05_10_21_55.json,-612.9709954964198,6.295240654920965,-0.002876823710050352,80.1768630623917
69,2020_04_05_11_02_36.json,-505.7776426147399,5.647926856947345,-0.006753134522950357,67.79989857463504
70,2020_04_05_18_08_04.json,-834.8301435551693,7.277590351058153,0.00010908151125882723,79.49093442860372
71,2020_04_06_08_54_17.json,-103.1961842068632,2.3922336968921383,-0.00019354515495657344,55.95223998997562
72,2020_04_07_08_16_32.json,75.37278011321294,0.9445471206643743,0.0004852663596975021,46.06445674686362
73,2020_04_07_17_17_55.json,-248.45735960093452,3.3565334953593444,-0.0003075141810114718,56.51265195685167
74,2020_04_09_07_09_02.json,-470.6915864951777,5.071322644058239,-0.00046895254953521146,42.291587422176995
75,2020_04_09_17_44_53.json,-718.9606966939787,6.422503593217049,-0.0008260609799736648,125.65547261764586
76,2020_04_10_17_15_27.json,-1217.0423060512533,9.967717970618601,-0.0007361348857728604,79.44973951770073
77,2020_04_11_12_54_59.json,-542.7499442512195,5.444542049052361,-0.0010087375096958036,72.54314728103579
78,2020_04_12_10_30_05.json,-509.41941554454695,5.267201165744851,-0.0013568426948610205,50.95743171703052
79,2020_04_12_16_47_32.json,-348.86761617878426,3.8971763342560064,-0.00043421841282429325,53.784601026742294
80,2020_04_13_17_33_31.json,-432.9910780369704,4.72837456342074,-0.00020464636958136872,59.37513009597511
81,2020_04_14_08_35_38.json,-505.52644250332594,5.497825296896541,-0.0013476720718031184,42.67145891852943
82,2020_04_14_17_45_01.json,-167.2667910011066,2.743234473431835,3.6659601865994376e-05,54.85517261348021
83,2020_04_16_07_53_04.json,-722.0720556987292,7.361671110291068,-0.003075819992902303,56.14402774981384
84,2020_04_16_17_02_02.json,-264.76853584839455,3.723199184744284,-0.0017697149632879005,123.829796115091
85,2020_04_17_12_13_04.json,75.52417280590242,1.2264702998278014,-0.00024241428755941756,61.90461808755656
86,2020_04_18_16_57_35.json,-110.23746673891651,2.348428603837839,0.00150525803042719,48.949043434590656
87,2020_04_19_09_24_58.json,-135.44922728292184,2.535848407559118,0.00013493445078713296,62.931134046896666
88,2020_04_19_16_59_29.json,-111.02541989995515,2.3360485929894845,0.00030661461579757035,62.595813982629195
89,2020_04_21_07_43_54.json,-94.99941114944602,2.1578398448938105,0.0003281768635646381,41.04865603100077
90,2020_04_21_17_37_32.json,-381.3341630496784,4.173043997724871,-0.00022457194160171702,72.68743418610633
91,2020_04_23_08_19_04.json,-676.5726230349865,7.0263873984985725,-0.0018315419964530693,41.94804500662553
92,2020_04_23_17_29_53.json,-452.8382852274729,4.97542053660821,-0.0021381998055911696,110.3102483058996
93,2020_04_24_16_14_27.json,-717.9715203525,7.133882747043426,-0.0003817306091696515,55.06596755026292
94,2020_04_25_15_50_23.json,-577.6750434395251,5.85301275471152,-0.0004301217047536346,39.113771476757975
95,2020_04_26_14_10_23.json,-325.3920703932443,3.896485336578239,-0.00036850901071178334,61.25136828215738
96,2020_04_28_08_43_53.json,-782.8151446072086,7.369392206497265,-0.0023758686311627056,80.39953830803073
97,2020_04_28_18_21_08.json,-549.3366943998991,5.352267509864192,0.0002446975251528155,95.29929119886627
98,2020_04_29_12_45_27.json,-283.8525486290447,3.660143525640334,-0.0005111276709546222,62.430224024706234
99,2020_04_30_07_41_21.json,-392.26579833086305,4.730552196827492,-0.0011879031793880503,72.90252196304681
100,2020_05_01_17_46_51.json,-780.8302374378651,7.123853276726762,-0.0008264455112495907,50.90821904068819
101,2020_05_02_09_30_30.json,-385.0076349444907,4.527394685161883,-0.001304090562019386,83.26821015378788
102,2020_05_02_17_32_00.json,-862.885274220031,8.266687688954029,-0.0026052631094912867,75.84200660236704
103,2020_05_03_13_24_51.json,20.483843379488434,1.6384877240869857,-0.0003564905862954988,59.58969470924312
104,2020_05_05_07_47_30.json,-21.24369439732166,1.7489208116794257,0.0010021545606400026,58.80356355521768
105,2020_05_05_16_57_18.json,-230.33137769134092,3.2720464889496,-6.849399142774743e-05,56.99092253972031
106,2020_05_06_18_08_09.json,-1072.9296369966396,9.72771041287366,-0.0020650342900105987,81.69994110929764
107,2020_05_07_07_49_40.json,-359.48567957585317,4.3282753713082425,-0.0007074695322451534,49.69420066196858
108,2020_05_07_16_38_44.json,-383.8693114473198,4.351815113518213,-0.00038845047024640376,59.97382648593657
109,2020_05_08_16_48_39.json,-100.03310249541764,2.3210994729956944,-0.00012106576413756214,55.92547250327975
110,2020_05_09_18_25_29.json,-521.3943195041883,5.8167840084562314,-0.0022524291713406333,93.05122127438057
111,2020_05_10_17_39_47.json,-203.04084124755005,3.0753771237895497,8.894024183542027e-05,72.72791366078474
112,2020_05_11_17_27_22.json,-438.0825339331999,4.878272377898691,-3.28642812334585e-06,58.92839530201161
113,2020_05_12_18_06_36.json,-346.57762499199015,4.084362426979709,-0.0006598837294799619,62.912723865726186
114,2020_05_14_08_10_05.json,-271.58018641181053,3.68130260883275,0.00010780975870208478,46.71005771862138
115,2020_05_14_18_12_32.json,-274.6792346331981,3.8344246397724953,-0.002265128375100518,99.03246024440097
116,2020_05_16_10_30_43.json,123.34278761118637,0.08745491804444629,-0.0015463786190706564,83.94898907532873
117,2020_05_17_10_13_56.json,-496.936766687298,5.568278328003833,-0.0016135467596228195,43.04721126682829
118,2020_05_18_18_01_24.json,-228.5841201036866,3.336083584662715,-0.00030331789952950177,62.91436268872558
119,2020_05_20_07_57_28.json,-457.3698468481548,5.0025339272990985,-0.0007340731297980034,39.99009649924802
120,2020_05_21_07_23_10.json,-368.5585614199802,4.530471897215363,-0.0016585869843462723,43.370657263334344
121,2020_05_21_16_53_16.json,-396.9053532980992,4.460220025721634,-0.0014712103609833256,84.01145993327911
122,2020_05_23_07_09_50.json,-215.227142822814,3.3077536859832257,-0.0030217985339088746,123.02726087968499
123,2020_05_24_18_21_39.json,-913.6949760676825,8.305051887653145,-0.00016714962311206207,59.401197807022804
124,2020_05_25_12_54_57.json,-33.13459524129621,1.918807989054123,-0.0035937601107074962,79.53780560765519
125,2020_05_25_13_43_32.json,-1429.2357342313348,11.370047385344133,-0.006795207606478173,66.2039974121192
126,2020_05_26_17_10_44.json,-882.2028897446097,7.842096194607316,-0.0008125787493400475,51.625149412930455
127,2020_05_27_18_10_22.json,-640.1835712856507,6.959514418725381,-0.009024206725334433,89.63739738962543
128,2020_05_29_07_28_08.json,-649.748137073529,6.650693600225146,-0.003994201706961561,74.20507484101196
129,2020_05_30_07_10_10.json,-52.42327436183544,2.067495653081193,-0.00044649796930407355,64.42648665313361
130,2020_06_01_07_53_52.json,-274.9947340650377,3.7455085924833162,-0.0007216767123632625,46.844617766036556
131,2020_06_02_06_29_35.json,-373.8651754823377,4.747792590059993,-0.0015369202352678924,55.58486231440145
132,2020_06_03_07_13_02.json,-363.544638577801,4.392428535167123,-0.0010703532673864023,41.92209778527172
133,2020_06_06_12_06_05.json,-149.08230440993145,2.9588666627214115,-0.0018316270203662774,66.78927864282522
134,2020_06_08_06_38_25.json,-40.13445305967798,2.1705521308197313,-0.00092355914502564,45.592052038635494
135,2020_06_10_06_18_30.json,-383.20541561819874,4.463057367161934,-0.0013043728400319314,47.32917587175553
136,2020_06_11_18_39_00.json,5.1338436701178125,1.4719974077628328,0.0002396943959978977,46.31377247838869
137,2020_06_15_17_34_34.json,21.485537945345158,1.4400637446633302,0.00016542624959036512,50.257861993896306
138,2020_06_17_06_50_28.json,-353.7213581829477,4.326093894047157,-0.001011705645682493,47.594900830685454
139,2020_06_18_07_27_43.json,-84.25562323541061,2.1324512871579224,-0.00041823881765891933,45.15308530202564
140,2020_06_18_07_35_56.json,-156.08404476956284,2.6135002515817662,-0.00028605762873895417,50.33864441531632
141,2020_06_20_07_24_59.json,-154.69916165057393,2.986068637114115,-0.001808027440185091,46.58145449340497
142,2020_06_21_17_44_58.json,-748.6568356977583,7.106397339912914,-0.0034287467805861043,88.05642986063471
143,2020_06_22_17_28_15.json,63.96315333561665,1.1321767094443194,-1.7100450687652134e-05,55.14444467249517
144,2020_06_23_06_56_26.json,-710.6193155476344,7.308269031737711,-0.003895399462737359,68.42992363696418
145,2020_06_26_15_22_47.json,-68.27116298633331,2.2787811127768096,-0.0008713326401678055,62.44825200993402
146,2020_06_29_17_13_45.json,-163.10269539301726,2.8131675220836514,-0.001221173757170044,30.42413851996123
147,2020_06_30_07_15_30.json,-169.90516557407665,2.8184155479618056,-0.0011299338223751975,42.18401035470679
148,2020_07_03_07_30_27.json,107.50380669904919,0.8601599200908899,-0.00025708854177729934,31.752271552466812
149,2020_07_05_12_19_59.json,-861.3321361202412,8.259676403603901,-0.0027423140793905324,73.04296415776831
150,2020_07_08_07_39_45.json,-641.948770899493,6.601607947340815,-0.0036008138856223767,83.76591036713879
151,2020_07_09_07_33_15.json,-434.7913559371144,4.962452804524791,-0.0014731088382110126,47.70531690837877
152,2020_07_10_07_47_57.json,-572.2763989245318,6.002043414920289,-0.003562202979074809,96.31227018454332
153,2020_07_11_13_35_56.json,-204.7355026420632,2.974162208479428,-0.0006245052020572346,61.43835453412469
154,2020_07_13_07_07_02.json,-212.85106916336414,3.4283720602524723,-0.001533812762630962,37.18338968507891
155,2020_07_13_18_10_25.json,206.3542013366464,0.3712026608692673,-0.001178300511884033,43.05265326661487
156,2020_07_14_14_23_12.json,-252.7575679538512,3.58728428738777,-0.0009102648349643978,51.77431740315333
157,2020_07_20_06_28_04.json,6.161598593328165,1.647609831364448,-0.0005890183447944903,23.51439618411476
158,2020_07_21_11_35_19.json,-48.31039672599772,2.0020552733160124,-0.0010625391355761921,35.352587316130084
159,2020_07_22_06_55_15.json,-506.14044939973735,5.394794399618077,-0.0029698132991647958,53.488443262765806
160,2020_07_23_15_26_34.json,-51.183030859687534,2.1084495627128748,-0.00110038357541842,27.898814899244556
161,2020_07_26_16_22_59.json,-60.06367033714517,2.1432770576515914,-0.0006545412929529876,32.71092284126277
162,2020_07_30_15_51_21.json,-128.96564771615277,2.8502711471778004,-0.0014786154337939332,40.49784225079288
163,2020_08_01_09_42_55.json,101.22585828112868,0.8049257367670155,1.209979378810504e-05,35.262279782311076
164,2020_08_01_17_01_15.json,-136.08578423048831,2.6053492949041885,0.0004975136654229255,88.84702092717137
165,2020_08_03_18_06_09.json,-16.81126226978762,1.9720266494906422,-0.00211600218657028,100.72024105214473
166,2020_08_04_17_04_41.json,-177.8361040884833,3.1408646639725664,-0.002754584714894724,38.6434223904763
167,2020_08_04_17_39_44.json,-130.52992652634487,2.669848205048019,-0.0016239025519899106,35.25747159511423
168,2020_08_06_14_50_43.json,-33.396560022651556,1.9952605553685003,-0.0007543096825072547,44.81274377379863
169,2020_08_07_14_20_49.json,18.948858752647006,0.307080720962677,0.00011365878548240178,53.1046377255548
170,2020_08_08_07_47_11.json,-161.02822347258456,2.871394694985268,-0.0017270221242293052,28.49597766600139
171,2020_08_10_15_21_46.json,-206.20739419832844,3.671233530072533,-0.0030454751830064977,25.501917006520316
172,2020_08_12_07_55_22.json,189.68136869744265,0.3148184752414788,-0.00015307564026330393,74.91520628978259
173,2020_08_13_17_23_54.json,-180.56996844643277,2.9640882031927953,-0.0010698435343343196,69.60885140924235
174,2020_08_14_15_06_19.json,-124.71686525291645,2.528755713470185,-0.0008723782022319308,58.159396889217554
175,2020_08_14_16_34_54.json,-21.368719661254943,1.762797955169703,-0.0006590389032182413,62.70666000057478
176,2020_08_16_11_18_40.json,103.24024354286617,1.3509764850550388,-0.001713846142778597,90.52496395146409
177,2020_08_18_15_28_43.json,-295.6344880279025,4.01337388249832,-0.0024492057141397424,65.88954521635982
178,2020_08_19_15_20_06.json,101.58645093845884,0.49793254996319364,-1.030568903599685e-05,38.03290199969359
179,2020_08_20_15_00_43.json,-104.84724986369412,2.5142943497595733,-0.00116997947798387,51.453851496025386
180,2020_08_21_13_11_01.json,-137.9042331907624,2.9079137489962767,-0.000691703874215966,56.53737823913659
181,2020_08_22_19_15_56.json,-9.526593779838947,2.1539942469547424,-0.0005928251646835221,75.35026644210292
182,2020_08_25_19_36_21.json,75.92015504127278,1.6144985120128945,-0.0008531242367058259,26.07526029072553
183,2020_08_28_16_17_25.json,-169.08096619499025,3.4762572514634265,-0.0025845707621130836,28.15431064321715
184,2020_08_29_11_06_37.json,-411.1078308978425,5.040162272230385,-0.004748686198307067,55.797436025470724
185,2020_08_31_16_20_54.json,-194.7839799214109,3.6506778133392825,-0.0018381309636411039,37.86889337236676
186,2020_09_02_17_06_06.json,35.396018892422546,0.9131129564439504,-0.00047706057714037983,51.53833692604194
187,2020_09_04_14_11_46.json,79.1145365641791,1.4200282110605467,-0.0007454265347705177,20.808002952860836
188,2020_09_05_08_09_06.json,-42.38600170424047,1.801096628942367,-0.0002662410445719252,13.23567240227926
189,2020_09_06_08_08_12.json,0.29996898957872986,2.0190190284038714,-0.00044560065937865117,13.171785783676265
190,2020_09_08_14_17_14.json,-350.0958602994537,5.035066398417391,-0.004855791438610212,100.7873929843431
191,2020_09_10_08_37_06.json,-401.39333421313336,5.1470006122539145,-0.004748673812056365,96.74336291363169
192,2020_09_11_15_28_43.json,-103.64608259069703,2.3955933706553068,-0.000167075132791219,15.463064691662412
193,2020_09_12_08_41_31.json,-215.7707314778044,3.3132477311173427,-0.0007595695740455183,35.9716832450856
194,2020_09_12_10_50_32.json,-160.3828520257128,3.0790880674124863,-0.002396237154066053,21.049247836012743
195,2020_09_14_17_22_04.json,-262.228846228811,4.231437871381754,-0.003816645739243005,36.41284147802588
196,2020_09_16_16_01_23.json,-258.0037638142951,4.485384766987236,-0.004938351753760542,73.03142905478762
197,2020_09_18_12_10_36.json,-126.17587953172,3.10919036691023,-0.0024896608766209498,99.07160831590815
198,2020_09_19_08_32_35.json,-1.8022851606558277,1.3854852986850459,-7.270859378684738e-05,25.49850375172306
199,2020_09_20_15_08_04.json,4.983480977223564,1.936030830487498,-0.0002721070527990588,20.666599629450243
200,2020_09_23_15_25_13.json,-213.09899818910367,3.6591784076765936,-0.0023246043789123334,51.97184829328536
201,2020_09_24_15_09_47.json,-274.3306780678725,4.070121721560764,-0.0013497307096569677,52.94449274820655
202,2020_09_26_16_07_30.json,28.001624388956174,1.1203960342032182,1.9420831462604778e-05,10.695459737862834
203,2020_09_27_12_12_48.json,101.30195220030879,1.1975746847358908,-0.0001928518078781058,12.325761531828634
204,2020_09_30_14_40_20.json,-236.3320122138099,4.047557403273936,-0.003460573136256548,44.133670180153366
205,2020_10_02_17_48_26.json,57.83223668003663,1.0558770018359065,-3.497271014480545e-05,13.535432403205398
206,2020_10_05_07_59_33.json,-6.945514322382962,2.139514215302183,-0.0012411936615715935,26.23785806591056
207,2020_10_12_18_47_18.json,-261.92091132194986,3.8844795707997335,-0.0025396746499902357,70.0899898890887
208,2020_10_14_14_39_12.json,-191.39541447955705,3.433059691297072,-0.0017402958730725997,55.31414386231771
209,2020_10_17_12_48_43.json,-78.4185159060641,2.2156408722989704,-0.0001322301053816443,18.317548746662702
210,2020_10_18_07_23_43.json,71.63974173674231,1.3919322575103763,-0.00018839597317835157,12.255279223082066
211,2020_10_20_15_38_22.json,-240.77906292980262,4.121199974105231,-0.0029040741595753217,75.24606240825506
212,2020_10_22_16_58_17.json,-90.94062219179114,2.6859161759569825,-0.001666513361790259,29.069110874484355
213,2020_10_24_07_58_14.json,64.37347135194983,1.4973272598157332,-0.00037885765424470363,23.492411496269874
214,2020_10_25_14_23_09.json,-152.4574810007381,2.99952994395658,-0.0008019506280888704,19.582915769293756
215,2020_10_27_15_55_38.json,-106.69800596099611,2.828091098138841,-0.001121513269683811,28.233809047307716
216,2020_10_28_15_16_17.json,-202.91439054907428,3.636520319783807,-0.002722472281023421,38.49061448749961
217,2020_10_31_15_11_50.json,-65.5577924488544,2.222119018214752,-0.00016701874970828648,12.476222836951461
218,2020_11_01_08_53_35.json,5.6342041675273435,1.8904927258515616,-0.00033866695103062616,12.435827399970135
219,2020_11_03_13_44_27.json,-146.3985859669799,3.1596338989789037,-0.0020241031754969106,28.503309499517908
220,2020_11_04_17_02_19.json,-30.59948206482062,2.1329826974120247,-0.0008087421109509133,15.112362273922082
221,2020_11_06_12_14_38.json,-243.56317818088624,3.796789754255562,-0.0015574676855787148,42.4923584640467
222,2020_11_08_12_42_00.json,-165.29779072183703,3.0846758732343735,-0.0002887787529368806,14.75511277192622
223,2020_11_09_15_23_08.json,-168.46944577304583,3.4185059340168364,-0.0014011943962837059,19.715039715295728
224,2020_11_10_16_12_38.json,-246.06601073982628,3.9646369333504627,-0.0020816446647724824,34.37829019310012
225,2020_11_11_16_08_56.json,-135.69414758330214,2.993720375644379,-0.0010287469960477212,22.526058923642633
226,2020_11_14_11_24_23.json,116.41331596478244,1.1746869357917853,-0.00020568412727998902,13.294589744306991
227,2020_11_15_12_57_55.json,-196.40625129189596,3.524163247262765,-0.0006382233487506639,12.790424552085714
228,2020_11_16_16_42_08.json,-142.6847316817133,3.1164443954769063,-0.0007813256963972797,19.020766631753347
229,2020_11_17_15_53_31.json,-277.9408855132127,4.363092051308393,-0.001892576957219233,125.44093432808681
230,2020_11_17_17_05_08.json,-63.63073861518279,2.4020034005029807,-0.000274607068296678,15.485485132604312
231,2020_11_22_12_56_21.json,-294.8986700317267,4.36997824366166,-0.0025713500184190727,65.34543664054407
232,2020_11_23_15_20_27.json,-164.87344533846021,3.3372080434065112,-0.001872981050694527,38.54905687104462
233,2020_11_24_17_31_08.json,-243.07782951272878,4.459928446223974,-0.0037736724668713494,95.84083858770387
234,2020_11_28_08_15_29.json,91.44863093333419,1.3860897219479953,-0.0004335279862552042,16.057220604623232
235,2020_11_30_15_27_36.json,53.60096209727317,1.66907949874835,-0.0004099996819473348,11.262709419315001
236,2020_12_01_18_03_11.json,-155.2968165649621,3.256095692440852,-0.0021633397016578796,39.47255218799963
237,2020_12_02_16_25_42.json,-114.8034982966318,3.0361568211784697,-0.00200391983746248,65.88268882644509
238,2020_12_04_12_12_42.json,-32.566255600200975,2.417643596889484,-0.0012551291763152049,17.9500285621764
239,2020_12_05_11_47_38.json,119.15780612658659,1.206445083198537,-0.00020300148492541912,12.704121674070276
240,2020_12_07_15_51_18.json,-55.208007496957975,2.511020063186476,-0.0008496221431080913,26.970115229287487
241,2020_12_09_15_31_42.json,-61.81509699577214,2.648603779502143,-0.0009902242468347053,27.370215471008535
242,2020_12_11_15_13_56.json,164.20856641270575,0.8727696930075823,-0.0001902843421926705,15.611035157910965
243,2020_12_11_16_30_42.json,68.00868020560765,1.3623413129365245,0.0003403897450771151,72.1128314593995
244,2020_12_12_16_28_32.json,-50.8751883349056,2.29308589178665,-0.0003869405846473688,12.003802241720525
245,2020_12_14_16_05_08.json,-96.01571708828556,2.791816860684161,-0.0007491575229871039,19.456988647435555
246,2020_12_15_15_20_27.json,-194.53159504228097,3.7210123714358283,-0.0018762164218222956,41.228425241620315
247,2020_12_16_13_42_03.json,-186.08031706513282,3.3112742594563698,-0.0009329934077161705,15.558341155160893
248,2020_12_17_15_18_28.json,-86.96422775991823,2.722850490760557,-0.0009519765962297193,27.443817566650893
249,2020_12_18_14_22_18.json,-127.70770330091477,2.9146335905343497,-0.00015481413100177009,13.84910769185466
250,2020_12_19_08_42_03.json,100.38685670732221,1.3148547189137973,-0.00013086888364507337,13.33021024015906
251,2020_12_23_14_52_56.json,-496.3857453917559,5.672538637549622,-0.0023423280848391373,79.06772378752449
252,2020_12_24_13_58_15.json,-76.12958932698064,2.5478403530415776,-0.00035969166935597574,38.34114307970582
253,2020_12_25_15_28_09.json,-287.8872164946649,4.188339623840234,-0.001680516917405045,46.07532246550337
254,2020_12_27_12_43_46.json,-33.69908608947742,2.3366354502187865,-0.0009684237338464717,13.893199561775443
255,2020_12_28_09_29_38.json,-31.346987951325076,1.7188167939599006,-8.946736157948165e-05,15.954236973099142
256,2020_12_29_14_20_28.json,-182.50660896137134,2.0498566585469042,-0.0016826254247692808,85.45280177509164
257,2020_12_30_14_33_35.json,13.048627072412614,1.958972242483104,-0.0002833084151143634,35.123214960887786
258,2020_12_31_14_07_21.json,-223.31466101877726,3.8350047054595557,-0.0035896221547876512,22.224372972247522
259,2021_01_01_15_05_55.json,13.444315570428614,1.5048955223276879,0.00013466525650362694,13.519146192411373
260,2021_01_03_09_43_36.json,-105.1273706491695,2.9748461828974575,-0.0011679117643928446,28.47355501904981
261,2021_01_04_16_35_15.json,-191.85804012125715,3.478980428354347,-0.0015122877478115108,81.36219009272905
262,2021_01_05_16_13_54.json,-71.82667126869995,2.6508341400335214,-0.001779241419470527,53.905429387908974
263,2021_01_06_16_31_31.json,5.071404964003108,1.5579677105217282,-0.0004949596563564248,10.44381147143809
264,2021_01_07_11_49_00.json,8.566832511923565,1.9739886694327524,-0.0008970528777725521,14.014181720970731
265,2021_01_07_18_01_08.json,-169.8163082755676,3.222490210547165,-0.001600138441002976,24.814159711274826
266,2021_01_09_15_31_49.json,-5.6072784714342845,1.5630448131031778,0.0002736971822556958,9.849841307534989
267,2021_01_10_15_54_54.json,14.63658695432332,1.9338221677843597,-0.00028473343945192853,13.154222500256441
268,2021_01_10_17_12_02.json,-50.64389581209616,1.8566842229426526,0.0004267923513900196,13.22200063279252
269,2021_01_11_15_20_48.json,19.124461079242963,2.0197887380719655,-0.0006599179165199164,11.113173304682656
270,2021_01_12_10_53_15.json,37.060268720331436,1.8152450340771438,-0.0007844760306719952,16.90208730292016
271,2021_01_12_16_12_17.json,-49.023193459406514,2.3508340352848047,-0.0005505053210080514,17.434624656676412
272,2021_01_14_07_12_22.json,-53.95382772069479,2.4174198134939866,-0.001348417672509128,15.09545303102825
273,2021_01_14_16_03_35.json,-96.5666217498441,2.5666536933832944,-0.0004811669689346075,18.491909829841962
274,2021_01_16_08_18_04.json,-164.6217270946513,3.277700357639098,-0.0008081979568548691,39.09217411562738
275,2021_01_16_18_35_22.json,221.46876154805696,0.4075494912053262,7.189315218570556e-05,12.1779185668365
276,2021_01_17_07_05_13.json,86.86125173995518,1.5063955412520764,-0.00036048246172416175,15.167759438977152
277,2021_01_18_13_06_38.json,235.1663441105851,0.49013847292108265,-0.00033843220801166145,19.610998292022725
278,2021_01_19_10_11_11.json,14.321301727372145,2.064822884588787,-0.0009373222648053531,11.478546215585894
279,2021_01_19_17_26_04.json,-161.14448615969854,3.20344224608014,-0.0009117090957586763,25.243194566745025
280,2021_01_21_15_19_52.json,-73.55887884169715,2.568819027715976,-0.0005713018237475092,15.527297619039551
281,2021_01_23_08_13_04.json,1.7633010920521883,2.027560838912221,-0.0003853938470789036,11.705776101426736
282,2021_01_23_16_10_07.json,-91.52229178458612,2.6856385756647962,-0.0007241528701470506,23.29101488035907
283,2021_01_25_16_40_26.json,-20.23295759385951,2.329151034313238,-0.0007106096627913362,18.77327857887045
284,2021_01_26_11_08_56.json,-7.17943195018222,2.264354648966301,-0.0011557207470113172,12.12999927010414
285,2021_01_26_18_17_47.json,-69.69628904111323,2.6112975161773977,-0.000708982449744998,17.922802121901512
286,2021_01_27_18_23_49.json,54.826504119895475,1.8384178447947332,-0.0013383668651806976,15.512842096003487
287,2021_01_28_10_12_41.json,80.07544003194803,1.6079922484368023,-0.0011338468950291684,22.030290858244896
288,2021_01_28_16_48_02.json,-240.92970462871932,3.886963210741376,-0.0009997949845509193,26.99327179405512
289,2021_02_01_17_34_08.json,-177.0967812440884,3.4451188513411863,-0.0013073992940091747,23.809604304526648
290,2021_02_02_12_34_49.json,-72.47878514330557,2.6851619419398327,-0.0011368547646799611,17.536572599437335
291,2021_02_02_18_11_10.json,-241.74372594447232,3.7684389650360597,-0.0008570442558361312,29.582772705970857
292,2021_02_03_16_35_21.json,-35.9647188582544,2.3960701820636023,-0.0006592359750171703,16.75495600026837
293,2021_02_04_17_36_01.json,9.381514118335872,1.9846562116939017,-0.0004622339385985074,13.386008942465846
294,2021_02_06_08_19_45.json,-80.38745764180533,2.7456321056712127,-0.0014877784978058178,13.812129857939807
295,2021_02_07_08_14_45.json,-274.1552329477585,4.253162342869613,-0.0008692045745846451,29.627215392151644
296,2021_02_08_16_37_29.json,144.25291902061267,1.180490944013235,-0.001170662187903652,15.845319910994707
297,2021_02_09_16_40_44.json,-93.51186085777101,2.780175539652696,-0.0011487601282134986,31.56734699463425
298,2021_02_10_16_49_19.json,-120.12861763766551,3.072399829360706,-0.001882697793179764,23.887675497048754
299,2021_02_11_15_19_13.json,-209.2727655155798,3.971291620973933,-0.004013637640773765,17.556883472367307
300,2021_02_11_16_01_38.json,-361.9819301025201,4.727462000658421,-0.005219101965982536,27.180354846707285
301,2021_02_12_17_21_01.json,-20.265943383943863,2.404889322838713,-0.001063998375551896,14.06825752103561
302,2021_02_13_11_19_54.json,134.00235146640753,1.1234020085383276,-0.00011315211937217407,27.668437392555646
303,2021_02_14_17_42_00.json,-71.68529447698023,2.692951904144472,-0.0010918496676608459,14.102600318912764
304,2021_02_16_16_58_50.json,-11.697277156157554,2.471268837788603,-0.0015309860015493037,14.009326038808897
305,2021_02_16_17_38_40.json,-282.2162706854102,4.487129490499546,-0.0040308284217297815,22.80710516570013
306,2021_02_18_16_01_40.json,-407.3497939104,5.215257190619968,-0.0030897553635301504,64.82928120115699
307,2021_02_19_16_16_19.json,140.266011638272,1.0793876690545179,0.0015327373672857616,24.79594384740087
308,2021_02_19_17_21_38.json,-405.3829613266544,5.121692252267216,-0.006358741476517202,21.09610707704798
309,2021_02_22_14_57_33.json,18.536727054881737,2.049842972289297,-0.0007527751707018462,16.032066968209577
310,2021_02_22_16_08_55.json,-249.10272888733465,3.862723234296545,-0.005861878068711585,19.501762684400504
311,2021_02_24_17_23_37.json,-43.18153671456548,2.6729878179980937,-0.0032613080995209957,22.751605706465057
312,2021_02_24_17_54_00.json,-153.64309166941428,3.262643732134368,-0.004612913607699714,34.65095965289034
313,2021_02_25_15_20_07.json,-209.7267260417667,3.7111738974868396,-0.0011079573568533844,42.62063341584739
314,2021_02_26_16_43_32.json,-98.74662945248349,3.0830298542286707,-0.0014540507669304754,14.127681707572727
315,2021_02_27_10_36_48.json,114.08820953839034,1.289040465830889,-0.0001717688927083145,15.495274650597793
316,2021_02_28_16_23_52.json,102.23923437685966,1.4760727827138187,-0.0005071260357659922,13.38473139916451
317,2021_03_03_15_10_57.json,-114.07441191451079,3.0993023423166357,-0.0017060840734415834,27.73856843753146
318,2021_03_04_16_01_34.json,2.20928860827928,2.2644967359802983,-0.0009756439670311118,14.433132196292416
319,2021_03_05_15_24_15.json,-259.13277059806984,4.183284556177633,-0.002235116935929354,51.68278375067099
320,2021_03_08_17_07_07.json,41.51123870510759,1.9698548192201757,-0.0008152659020468679,13.962583706953346
321,2021_03_09_07_21_59.json,-6.813327522832822,2.2578223996310745,-0.0012817162871508554,11.88213067260679
322,2021_03_09_17_05_20.json,-216.31869215386251,3.6172069419114554,-0.001041726721469875,39.35241412490666
323,2021_03_10_16_46_18.json,131.44325190216009,1.2174571360228417,-0.0005710104336095794,13.488681275770107
324,2021_03_11_06_58_12.json,192.3959038622075,0.6577577591840745,0.00037996141767712265,16.436812521041734
325,2021_03_11_16_50_55.json,-104.71717130063746,2.926184082046012,-0.0008257155545241055,42.80612377337532
326,2021_03_12_16_58_08.json,-83.12140072894806,2.7706421515842115,-0.0007251388058025425,13.646323810249275
327,2021_03_14_11_57_46.json,48.259563817759414,1.8308862967429673,-0.00022338707702974244,15.32774110031346
328,2021_03_15_19_18_43.json,94.08520985576448,1.5261262797687987,-0.00044799495358836204,14.577886804349745
329,2021_03_16_16_37_40.json,-138.49217840517167,3.311985507305647,-0.0023711167050112286,17.9060928287143
330,2021_03_17_15_55_25.json,172.90322944148917,0.9079407421745369,-0.0002598272516686574,14.186050494806274
331,2021_03_18_16_44_18.json,-265.11355314826903,4.176078786011852,-0.0015754928757373695,58.04056349621277
332,2021_03_19_15_43_19.json,-45.4854329897812,2.6353316335893417,-0.0007571416271243753,13.828328450838011
333,2021_03_20_18_10_29.json,11.924786772288371,2.093442744331886,-0.00032543776695546965,21.865144273609065
334,2021_03_21_14_36_44.json,17.940378637204276,2.071725178831732,-0.00028636877799082666,16.663641476664605
335,2021_03_23_16_23_09.json,-131.28231681802822,3.230224228334679,-0.0009746167920744154,42.516172002516385
336,2021_03_24_15_41_26.json,-75.67832449906948,2.524609798666919,4.4834648508454475e-05,13.514953047781786
337,2021_03_25_16_42_55.json,-33.999330156359804,2.4023765034330897,-0.0003431845253582272,53.160138674487875
338,2021_03_25_17_37_13.json,87.5362326248527,0.784046749564345,-6.38890421524521e-05,10.550676950506578
339,2021_03_27_16_37_27.json,27.379845795757376,2.017910771798128,-0.0005940946696506853,18.883147498303636
340,2021_03_30_14_50_00.json,-121.93327274782274,3.1747157004482243,-0.0008296306822090648,25.76456672996499
341,2021_04_01_16_07_48.json,294.4811708172982,0.036034369842630413,6.084330392147591e-06,18.120564134157046
342,2021_04_02_16_30_57.json,239.6636754342682,0.456165897551356,-0.00020869696628310637,12.21260881766537
343,2021_04_03_13_01_08.json,-511.46014391986364,5.791833709837813,-0.0010500158389379149,26.068296554363307
344,2021_04_04_16_20_30.json,13.899684005572794,2.118338284062487,-0.0006541423772420497,14.333284966727447
345,2021_04_05_17_32_43.json,43.0907727705532,1.9139450002556622,-0.0005344068955507536,13.615728554457512
346,2021_04_06_16_31_18.json,-20.78585966283447,2.310663713430376,-0.0004706284665090153,26.497458498999144
347,2021_04_07_16_32_36.json,6.086298016014837,2.1065071220693676,-0.0005101831278399799,14.528995263896105
348,2021_04_09_14_00_57.json,31.68145230703766,1.918389095973683,-0.0006966203161769628,19.68065578126627
349,2021_04_10_11_02_11.json,-446.78433787548494,5.317780460072646,-0.0012008465906165461,55.03048593837854
350,2021_04_12_18_29_27.json,-1.6168251024870415,2.1554846053255403,9.661128166410044e-05,39.366970828889585
351,2021_04_13_15_58_47.json,-92.03988671511269,2.8881020380856253,-0.0005931252392794562,25.52927821263983
352,2021_04_14_16_21_29.json,-20.771315757922082,2.388312432896915,-0.0010274316328192574,28.581124982573638
353,2021_04_15_16_04_27.json,-20.2776299109932,2.3190682862480503,-0.0006687363884680979,17.17953219178032
354,2021_04_16_17_11_29.json,-29.3127910739517,2.412022694333237,-0.0012195294717844063,14.063146101990034
355,2021_04_20_17_34_08.json,-43.47715073571658,2.602592649892977,-0.001191360651764695,14.185847950403183
356,2021_04_21_16_13_13.json,24.8694667568422,2.0141776521142667,-0.0003879705903590152,16.525540604235456
357,2021_04_22_15_49_10.json,173.0916639585289,0.9313749569993802,-0.0002560149023220969,14.917311520287319
358,2021_04_26_16_41_31.json,227.80814829795784,0.47516635344885594,8.024771556434612e-05,18.94892974617651
359,2021_04_27_16_58_54.json,269.3763814138213,0.2304829858041585,5.657281283652485e-05,18.759421613933625
360,2021_04_28_19_05_06.json,184.82132878052747,0.9499451387482285,0.00019445859744293668,51.665674296741145
361,2021_04_30_15_45_01.json,287.0389196248233,0.139590503795511,-0.0001408788240732698,13.950964837248414
362,2021_05_01_17_31_06.json,280.82577945077514,0.15283397221639708,-0.00021702684730134957,27.32966589585186
363,2021_05_02_16_34_39.json,170.521700566816,0.9188550371791494,-0.00020281834226618876,17.161433250931083
364,2021_05_03_17_21_02.json,-173.72991467714854,4.398605952541313,-0.013827856694979452,54.767822272322476
365,2021_05_04_15_16_36.json,168.21963877584628,0.9748553679784832,-0.00030561282049236624,17.125664148359224
366,2021_05_05_16_12_17.json,222.81931818422697,0.6231443304406972,-0.00028243406317529705,12.398937068527177
367,2021_05_06_16_13_41.json,-138.87498044040404,3.3179715592644676,-0.0012014190366382539,53.551923267957406
368,2021_05_07_16_00_19.json,273.8432662264216,0.2245542608068471,-0.0001238787668972565,13.801653682676559
369,2021_05_08_16_22_52.json,245.59912657477042,0.4294489198036859,-0.00015853328284262677,12.843873955553558
370,2021_05_11_16_53_33.json,-133.71544073749996,2.6512941832865407,-0.0008007202746861753,64.67855718715929
371,2021_05_12_17_57_18.json,-18.51543301311068,2.3846841256553293,-0.0009974504555987276,14.559411431865856
372,2021_05_13_16_42_49.json,-23.958033644777203,2.153136678102196,-0.0010336193958535114,78.35706108683783
373,2021_05_14_17_42_43.json,70.34175547851254,1.7667903665962488,-0.0006737870284026635,18.917731939910794
374,2021_05_17_17_11_50.json,35.558177680275776,1.9699617217170116,-0.0004400130224298851,14.414636361058898
375,2021_05_20_07_00_21.json,-198.1657098206133,3.6630824140360096,-0.0010121986363595286,42.42018797897662
376,2021_05_22_07_34_34.json,127.28868745369343,1.3232452883380073,-0.0005583381144072503,16.812635871956434
377,2021_05_24_17_02_08.json,-360.78202113905115,4.4961279097911975,-0.0011715765063880631,141.0769042969916
378,2021_05_25_16_27_17.json,-252.25020191667554,3.4899735227867623,-0.00053980738054032,102.6690480126007
379,2021_05_26_16_23_39.json,-375.05296116923904,4.631269919229224,-0.0029561358533786966,116.18485200103983
380,2021_05_27_17_37_42.json,33.02118895248316,1.937619658352616,-0.0006719567430461833,24.316817479224834
381,2021_05_28_15_16_23.json,-495.49489718279153,5.203226961104748,-0.0008131738642451126,161.5900633345913
382,2021_05_30_16_06_00.json,-301.4269866611484,3.9622169729658485,-0.000922985544901134,106.24036661561112
383,2021_06_01_16_24_59.json,-315.73302783352403,4.306154667578149,-0.0012709944280016312,89.06118979720952
384,2021_06_02_15_15_34.json,-66.80562891558475,2.8900708140548055,-0.004344273457300732,24.614792550504905
385,2021_06_03_15_08_15.json,-383.96202255167407,4.306280574451431,-0.00046650127833747874,118.25388873336358
386,2021_06_04_16_16_52.json,-117.31444990722031,2.958520549118504,-0.0010077878701503203,20.746045584955684
387,2021_06_05_17_23_12.json,-139.37578509941312,3.193598531779916,-0.0006578981825108084,19.919123443696172
388,2021_06_06_16_52_00.json,-435.5679419322075,4.997223363184051,-0.0006725917673328949,107.54756057717577
389,2021_06_08_15_48_03.json,-296.7807873043082,3.8218536578688322,-0.0002981166635204607,105.34334034028323
390,2021_06_09_17_37_02.json,156.07998481834352,1.0701100243615789,-0.0004275467872698305,24.07381759027862
391,2021_06_10_15_14_55.json,-50.71459081406965,1.7949402039104658,-0.0001508611518748515,108.06072730241326
392,2021_06_12_17_00_25.json,109.35604031812755,1.4602734872810919,-0.00048117935115323446,16.676929718874227
393,2021_06_13_12_20_51.json,-282.56880047433543,3.7442121969264974,-9.253030237459227e-05,83.58727193130035
394,2021_06_15_15_33_14.json,-182.9204896662918,3.0926437470341077,-0.0006322273590103781,111.45577593645574
395,2021_06_17_15_20_52.json,-338.2782984076237,4.112876476812946,0.00011222293945107695,78.77595515496891
396,2021_06_18_14_39_23.json,-302.89031075998787,3.9464158692175135,-0.0006242577906007372,101.00793917607128
397,2021_06_19_17_51_47.json,14.05116579307338,2.121634765630984,-0.0006589519385608541,13.598362792675294
398,2021_06_20_08_32_37.json,-255.35882463171166,3.242114296087539,-6.771588033475416e-05,89.28113989238906
399,2021_06_22_15_24_00.json,-371.0421338053716,4.344046243674477,-0.0005144872265556863,107.38451067594092
400,2021_06_23_14_51_00.json,-4.528052846029425,2.27781095635215,-0.002346699687633253,34.81872009543263
401,2021_06_23_15_33_06.json,-215.7461555118815,3.4732282102278713,-0.0003732100753692084,18.157379832813415
402,2021_06_24_15_14_51.json,-251.2795379686949,3.4872352029740066,-0.00038374753736033216,81.89870775807901
403,2021_06_25_14_46_03.json,-438.25458849445295,5.497339930521687,-0.0034794756447352705,38.5700871374577
404,2021_06_25_15_46_47.json,23.56575466672581,1.8943056142578014,-7.724445137255402e-05,27.261961997560043
405,2021_06_26_12_08_25.json,-375.0722201555895,4.450349056537205,-0.00024893481507689506,90.52946876468079
406,2021_06_27_18_24_31.json,-350.671518960983,4.540000852051943,-0.0009849779175417782,92.69752713411724
407,2021_06_27_20_18_11.json,242.07864928949374,-2.365712914401682,0.015617412337875008,60.14084122760659
408,2021_06_28_17_24_25.json,-243.67928224378676,3.425794131016095,-0.0002118191659475446,120.90766276091104
409,2021_06_30_15_57_02.json,-176.92063560571273,3.0014268913886104,-0.0004352680730795752,79.80072652904701
410,2021_07_01_17_30_14.json,81.59690678976406,1.6794240305000847,-0.0004789636237282181,13.26292751422823
411,2021_07_02_16_50_02.json,-278.4827912125388,3.9456690750684724,-0.0006478524568855726,101.49679800095286
412,2021_07_04_08_22_50.json,-275.9893584748206,3.9983165908329688,-0.000937085768093283,97.8368652504249
413,2021_07_05_13_43_16.json,-238.0711469131217,3.4825025256916,-0.00013122222713898203,88.05539520353895
414,2021_07_12_17_03_41.json,-51.16606323790478,2.494140584805954,-0.0006520152092542334,17.97394021535691
415,2021_07_13_19_28_50.json,12.323835554726486,2.0929889299791373,-0.0010668084330113946,12.206548687012164
416,2021_07_16_15_55_53.json,-116.97221331726863,3.4443354009340412,-0.0025304956669826933,116.38869380634044
417,2021_07_18_07_59_19.json,-108.56290452346911,2.8280404582500105,-0.0012022656416478142,24.072599013393294
418,2021_07_18_18_36_13.json,70.23969175738952,1.6370160916587029,-0.00045358307720277724,13.653903690088077
419,2021_07_20_17_59_54.json,71.44224123459702,1.6666685322112766,-0.0006742534152475896,18.66296202361511
420,2021_07_22_15_07_22.json,-295.3244089553581,4.377248034619221,-0.0022859831446406186,30.924010316848253
421,2021_07_23_17_50_26.json,167.35921644370674,0.25328613343465695,0.00017295247890361927,9.386895074926604
422,2021_07_24_17_30_56.json,-11.248696887474551,1.7037362659277542,0.0002989802175461641,20.682605682839387
423,2021_07_24_20_03_01.json,-400.1637737364888,4.950324523390504,-0.004405260250037267,138.94431692401517
424,2021_07_25_15_27_57.json,56.624687111935714,1.6656252483061753,-0.0003771637012161786,15.759281702457955
425,2021_07_26_18_11_07.json,-319.6708211343479,4.242806817636906,-0.0017828721365360748,73.09455822176633
426,2021_07_27_17_46_31.json,79.02237616285635,1.531996609780953,-0.00048745292631540885,13.420031482109378
427,2021_07_30_08_34_07.json,-16.343693754101253,2.3818770545064183,-0.0011019274257287653,27.230376114519572
428,2021_07_31_13_30_09.json,-25.72801469715364,2.283915365971305,-0.0005877604548242104,19.383729195617086
429,2021_08_02_08_10_12.json,16.617686119820405,2.121791373809527,-0.0012284000035751314,27.636641670759673
430,2021_08_07_08_09_56.json,74.04231769398089,1.7055331242639475,-0.0007985598886534307,21.32460360523626
431,2021_08_14_06_56_47.json,-295.79069924986703,3.924613884581554,-0.0004590185416356278,90.27157005726086
432,2021_08_15_16_56_59.json,-100.87609767870879,2.8464134265172394,-0.001054714895154818,28.179746479894945
433,2021_08_17_16_08_29.json,-237.4524320251888,3.404705155834873,-0.0009871692868671923,110.98728754627705
434,2021_08_18_15_15_07.json,-30.42304540317349,2.3178232649582093,-0.0007323281363959583,16.271044368936728
435,2021_08_20_16_41_12.json,-283.05438816789217,3.9202609799776527,-0.0008628018340671704,88.83407241967365
436,2021_08_21_11_32_14.json,92.32679720739867,1.4620389606084765,-0.0003659422252246602,11.707096200227813
437,2021_08_23_18_06_30.json,-163.8198824241644,3.2822100913163164,-0.0008922133563593427,37.252036923967694
438,2021_08_24_15_18_09.json,-366.5541700897595,4.384824304940707,-0.00040106510048786806,138.49963253540307
439,2021_08_26_15_46_09.json,162.8458359404114,0.9193106340798983,-0.0004763018272597756,16.20514152646544
440,2021_08_27_15_22_28.json,-259.9837983187149,3.752319571412763,-0.0006968388697136853,90.34393671705166
441,2021_08_28_09_06_13.json,-308.5963788035871,3.6689125738137918,-0.00018147887677102213,91.49391056912418
442,2021_08_30_16_26_45.json,88.90012571328086,1.6073457595452687,-0.0006250676999669695,13.091177589091645
443,2021_09_01_16_02_51.json,-242.32223313142595,3.4915572111186033,-0.0006267225742343919,101.00110941510353
444,2021_09_02_17_54_42.json,63.747238796579836,1.7217097439920648,-0.0007627303384983797,15.462255232336394
445,2021_09_06_08_19_43.json,-291.03926145686603,3.7786248284351815,-0.00035422383164781916,81.28225451274263
446,2021_09_07_18_53_21.json,21.92590906314524,2.0692435804308027,-0.0014281858659120534,10.763914673078332
447,2021_09_09_17_31_55.json,101.45157604781951,1.388934141846972,-0.0005782644403572665,13.38283513429844
448,2021_09_10_15_10_17.json,-379.84299619127444,4.491753236023881,-0.0008380559212294489,109.4874411082097
449,2021_09_11_07_24_45.json,-354.05483958689354,4.01328986502088,-0.00038153211709023596,95.34572044439933
450,2021_09_12_15_32_20.json,84.52802813476148,1.4946694505460905,-0.00041031162925906576,12.015453632728448
451,2021_09_14_15_08_54.json,-221.3230344259031,3.307180721931863,-0.0006858905712828726,104.16201404260022
452,2021_09_15_16_59_03.json,-163.36378506831096,3.351565860559534,-0.0016415130262063713,44.05578449039991
453,2021_09_17_16_55_04.json,36.469949189732176,1.908095602480776,-0.0005987596639002034,40.84330223343101
454,2021_09_18_07_49_50.json,-279.9035362253414,3.5515188130134696,-0.0001612401100106587,74.37990388978173
455,2021_09_19_16_49_26.json,60.56573670469018,1.7584847468391298,-0.0003547154493933541,13.008002946425341
456,2021_09_21_14_43_13.json,-327.6331978065793,4.350002234904526,-0.0008718457491293789,113.81812972052306
457,2021_09_22_17_38_06.json,-89.51573397560401,2.8092904079425973,-0.0010457941484968937,14.608436286756627
458,2021_09_24_16_43_43.json,-288.144953752658,4.298684196297097,-0.0014037815795404198,95.07861824023647
459,2021_09_25_11_51_04.json,-107.91046302312347,2.1842410754927943,-0.00016475645317148125,109.70958347114897
460,2021_09_26_15_38_16.json,88.84670418665658,1.4926983187489649,-0.00026366984517886587,10.241298594397183
461,2021_09_28_15_48_13.json,-317.48629939460125,4.299432227804864,-0.00122894903479268,141.73392469720696
462,2021_09_29_16_32_40.json,-115.39765238062591,3.07198304006499,-0.0008306317473572379,20.420191527762945
463,2021_10_03_16_17_31.json,-17.453052410013527,2.2284811764392805,-0.00045076940456326484,14.59097908813553
464,2021_10_05_17_44_00.json,-159.11766960140332,3.1559072541570923,-0.0015385907683831542,80.77594033430188
465,2021_10_06_17_56_31.json,-76.99772806115402,2.8740520909037186,-0.001379482862329451,24.78841331923014
466,2021_10_08_17_54_26.json,66.06346287154474,1.6494432054575032,-0.0005536592170884361,11.101825577606178
467,2021_10_10_15_33_06.json,46.586386786023866,1.7746386270254833,-0.00035503861352558847,14.412870797731893
468,2021_10_11_15_29_34.json,-376.2494016794682,4.807224716071142,-0.0008606357447957597,110.78179066781688
469,2021_10_12_16_29_31.json,-41.08667465203126,2.5193515158249693,-0.0007472321547274968,26.58086868974804
470,2021_10_14_16_36_51.json,-278.30013928724725,4.057562179871395,-0.0008715538090596739,141.9993151563288
471,2021_10_16_12_35_04.json,-82.83072071691885,2.8931561365649414,-0.0016304712665034464,27.48271332354673
472,2021_10_17_12_33_15.json,29.88828804428323,1.8768690576790856,-0.0004286312562497172,22.97108681083231
473,2021_10_19_16_04_37.json,64.21072543096543,1.6953776369575109,-0.0006253097251199906,11.595899968494049
474,2021_10_20_17_48_54.json,27.05784230312497,2.0378609520045283,-0.0005441251540268654,45.93437534644197
475,2021_10_22_14_52_55.json,-284.89507040609817,4.36194337784565,-0.002452282643741178,97.84561046250549
476,2021_10_22_16_26_37.json,-35.878915962624205,2.543357318106981,-0.0013609027814114076,16.840956080121344
477,2021_10_23_08_39_58.json,-327.2418400046901,3.9605194866997606,-9.009887140670663e-05,97.21799055007774
478,2021_10_24_15_31_58.json,92.16172627742361,1.4116273580375882,-0.00025649568769929755,13.637261894956355
479,2021_10_26_16_26_51.json,-136.10329483487345,3.297882638052216,-0.0017369770680369997,25.9101949251188
480,2021_10_27_16_45_28.json,44.21846845089246,1.89264489039747,-0.0010822303159262656,10.967812619979533
481,2021_10_28_17_41_50.json,-84.27125886144222,2.8548796687778077,-0.0010828047840207523,21.723607097253566
482,2021_10_31_08_40_39.json,-217.708777562796,3.678188505623377,-0.0044340862025104184,25.74995865902058
483,2021_10_31_09_00_07.json,-736.0765946559505,6.784245506181144,-0.002956023334261278,26.854423940076323
484,2021_11_01_17_39_00.json,-307.1300584896675,4.906142971387683,-0.005157614648488006,71.24634863428027
485,2021_11_02_17_57_38.json,20.03269321108297,2.0655388529954757,-0.0014552549671583816,10.125992542052057
486,2021_11_04_17_42_11.json,-96.5950139191275,3.0554539223134634,-0.0017660827568239637,36.790359028178536
487,2021_11_05_16_44_38.json,-23.294405601317408,2.4535411588770217,-0.0011451834052083603,23.642836422200006
488,2021_11_07_13_29_58.json,91.86215281303868,1.4638118250066967,-0.0002497046926977879,14.917629668275172
489,2021_11_08_16_22_46.json,34.19810800131097,2.010107399730541,-0.0007920435241338548,10.98639300852817
490,2021_11_09_17_12_00.json,-92.51861357540281,3.054102886249274,-0.0012877243225420886,21.729490283419857
491,2021_11_10_16_04_04.json,-256.6556977647466,3.9393230323717416,-0.0005330010381032986,89.76036164929975
492,2021_11_11_15_32_39.json,-67.46155620515634,2.8174094089657524,-0.0015771370574625876,27.1014346283843
493,2021_11_12_18_02_33.json,16.137094097270392,2.155930690387836,-0.0014719305220955601,17.024051676322635
494,2021_11_14_08_35_09.json,-243.93820848057572,3.9736528821786594,-0.001201475311479066,29.158454737326405
495,2021_11_15_14_37_24.json,-192.44966715409012,3.600803689098754,-0.003125654195143977,64.76242966710045
496,2021_11_15_15_12_55.json,-186.20568030639086,3.1153147105937276,-0.0018464836404460104,45.37905005521965
497,2021_11_16_07_49_34.json,6.280120688387569,2.1277872860831804,-0.0011364178029613936,9.80771988790556
498,2021_11_16_17_32_19.json,-54.41897675164449,2.5427023342705097,-0.0007291182220984729,14.269820495630931
499,2021_11_17_17_33_53.json,-82.71136496272212,2.369633140426461,-0.000744999830040478,34.81962410657956
500,2021_11_18_15_45_57.json,-102.74978678694742,2.8800504068887633,-0.0007151624407683728,34.801751701120814
501,2021_11_19_13_17_48.json,-60.95558888907067,2.7104115973182252,-0.0010937780941600007,24.24339417994082
502,2021_11_20_08_01_49.json,-306.2691252747683,4.388557709124106,-0.0005102931286997536,33.840552555997796
503,2021_11_21_09_19_08.json,-19.46159976963827,1.751606706454965,-0.0001551935487871789,42.6696582343075
504,2021_11_21_17_25_39.json,-188.0498327406257,3.405305935180873,-0.0007529735427339612,30.26962814573584
505,2021_11_23_12_35_15.json,104.80760112883573,1.4046972237830806,-0.0007260119867737004,16.72075537330727
506,2021_11_23_16_54_13.json,-149.09336218327616,2.860539703277374,-0.0006267896292424377,45.419043140567396
507,2021_11_24_16_47_41.json,22.79837713790579,2.0647789444005027,-0.0006897087711187073,30.19541057238653
508,2021_11_25_13_14_51.json,-194.00777810324803,3.7296913031525514,-0.0015835200612951473,58.500945444394574
509,2021_11_26_15_12_41.json,-66.8626025790117,2.7660241951014544,-0.0015741561316282723,42.658492545194754
510,2021_11_27_14_49_47.json,-18.329189611758267,1.8743516255270116,-0.00019127404844552454,41.32776497744647
511,2021_11_28_07_48_21.json,-314.0530019459734,4.359390768890028,-0.000512147951786859,28.00459355763348
512,2021_11_29_15_08_07.json,-105.67124260418709,2.6638959322671085,-0.0002598460830087777,26.0931372818961
513,2021_11_30_10_47_44.json,15.40183083988984,2.1718986775613334,-0.0012139594491597688,13.36275012675752
514,2021_11_30_17_29_52.json,-128.52845919378478,3.1229005566696246,-0.0007226538953121927,24.491613499142847
515,2021_12_01_16_31_56.json,-1.4337281710069476,1.7198928557410784,-0.0001833608024847835,34.69598564200619
516,2021_12_02_15_31_04.json,-55.53134216344847,2.1833148746888087,-0.0007053689120562177,55.844767697515096
517,2021_12_04_10_51_01.json,214.11792629721515,0.5515149691440088,-0.00031867480081504575,21.320111546189516
518,2021_12_06_17_19_45.json,-79.61107457610484,2.507480592412047,-0.0006245170162679576,59.84968217107217
519,2021_12_07_11_29_11.json,81.22227511493617,1.6607365489492034,-0.0009433080662188399,10.468554786680986
520,2021_12_07_18_22_09.json,-99.13263245091278,2.639684579640711,-0.001838238617609368,48.10816902478189
521,2021_12_13_16_33_55.json,-111.92844812928115,2.997065443765234,-0.0012867859764715917,10.231563851052133
522,2021_12_14_16_19_54.json,-94.29741542691858,2.449241602603955,-0.0002252967463090193,43.44103602606952
523,2021_12_15_14_50_32.json,25.088476448691438,1.5035880350505801,-0.00046688723588938835,42.67780374260236
524,2021_12_16_14_15_14.json,-254.8055643571804,4.06659407601701,-0.007087415551021685,49.39622937997629
525,2021_12_16_14_31_50.json,-439.75166294662847,4.717553304793556,-0.0020504569872476855,61.60133894832381
526,2021_12_16_15_12_59.json,-141.4638251731352,2.486321422498448,0.001161557290029049,47.67864039890629
527,2021_12_17_17_24_59.json,-90.88734233612229,2.8266042522057253,-0.001170250355993654,22.941811200540112
528,2021_12_18_13_54_17.json,-190.1902402107307,3.2372710300041363,-0.0016878220031349164,55.78515324143876
529,2021_12_18_14_21_31.json,-126.56156807394629,2.5724427205626776,-0.00042551027311921885,93.9559716352554
530,2021_12_19_16_19_37.json,78.06568407690622,1.4686815591401934,-0.0003088060656015074,18.774379880612322
531,2021_12_20_17_20_07.json,-74.99011497902333,2.3052923026807517,-0.0004240351830700955,29.850244508559488
532,2021_12_21_16_49_31.json,-95.96402611873998,2.831240118053462,-0.001541837020356952,32.18120957325908
533,2021_12_22_16_14_44.json,-96.66546871800904,2.4604062541217666,-0.0010966553068987184,53.15057232027154
534,2021_12_23_16_37_06.json,96.60460833975537,1.360686912710657,-7.673784554843293e-05,33.57611108731087
535,2021_12_24_13_49_18.json,286.91775909344165,-0.02914805439644555,2.1416240134872026e-05,22.510285366321465
536,2021_12_24_14_07_41.json,-428.9236484708068,4.701182674830916,-0.00010169989052536266,68.52737928147576
537,2021_12_26_17_47_26.json,-48.84628883660969,2.1647104467422382,-0.0005699443309976423,58.8185336485103
538,2021_12_27_15_40_15.json,-8.833403803875342,1.6827163819354873,-0.0003624694317109431,24.62770694469793
539,2021_12_27_16_27_45.json,-46.975834033079536,2.1104055294251274,-0.0008057165425748375,60.1427111357486
540,2021_12_28_17_08_32.json,-131.51310082780032,3.1655585869617817,-0.0020812087295013766,30.298158863502696
541,2021_12_29_14_54_07.json,-58.227704245997984,2.112585258298193,-0.0005225145463537602,44.27401504759978
542,2021_12_30_16_52_40.json,-247.65495566311432,3.900035915949297,-0.004460739586104475,83.21837369792699
543,2021_12_30_17_21_39.json,141.13709379696826,0.0,-0.000436039900743161,37.417266117250165
544,2022_01_01_13_11_11.json,139.92381413765222,1.0039351204662876,-0.0003184653816576204,9.789722180807624
545,2022_01_02_16_40_08.json,-147.52018945699842,2.9087576950546223,-0.00028402401244690344,23.144713378091282
546,2022_01_03_17_47_19.json,58.58611163985839,1.73201846261834,-0.0007113481739822657,10.955211273097751
547,2022_01_04_17_41_28.json,-65.6381868853808,2.229028102498648,-0.000510567510391818,28.29017107420582
548,2022_01_05_17_18_23.json,-100.43710204138245,2.90266307373753,-0.0008385002176534298,11.866802870529932
549,2022_01_06_17_59_16.json,-168.9255312274424,3.306808745895564,-0.0019434545467453999,68.60539493476686
550,2022_01_07_16_06_07.json,101.10019169040538,1.3563301561817305,-0.0003633814249208558,10.762656703872143
551,2022_01_08_14_41_07.json,-1.8123411086620251,1.4672399698197343,4.930917305339521e-06,22.791703220047182
552,2022_01_09_08_18_35.json,-69.15454052448672,2.5009283304844887,-0.00013934269269760832,38.64117528274322
553,2022_01_10_15_54_49.json,-273.38828452643736,4.208419772055321,-0.0021169740536366765,58.480461413465974
554,2022_01_10_16_44_57.json,41.23235196569594,0.8624499937744495,0.002052300185504823,20.088961300922275
555,2022_01_11_17_14_06.json,-268.578523833116,4.121173184083851,-0.000857933143317512,50.38970965375133
556,2022_01_12_16_01_48.json,-49.03573042991181,2.0591691192027457,-0.0001931148369625187,20.229058837644804
557,2022_01_13_18_02_09.json,-46.7609631198161,2.566157130635061,-0.0011556030980146947,13.795976225988364
558,2022_01_14_18_24_52.json,-30.122806169571646,1.9001095913880903,-0.0002485013986608391,26.825326515846452
559,2022_01_15_08_45_46.json,-184.0622171565755,3.4757659953419853,-0.0005923851669485591,29.176441414443037
560,2022_01_16_10_32_53.json,-204.50428278623605,3.467772980364267,-0.0004381388869530017,35.0863767837422
561,2022_01_16_11_01_20.json,-37.8845229338782,1.9767703108879058,-7.483910116575644e-05,52.38640704500691
562,2022_01_16_11_59_32.json,-16.05903729268084,1.6516056700707271,-2.360115670871968e-06,29.896248179587197
563,2022_01_17_18_13_58.json,-326.8566802606259,4.690887025331431,-0.001601744929990735,17.484966932530366
564,2022_01_18_16_44_12.json,-11.1006638158687,1.8227156624120806,-0.00029362797987534067,32.53369063471811
565,2022_01_19_17_54_35.json,-273.5792565676508,4.236625494054355,-0.0015018769305449866,42.984690606832245
566,2022_01_21_15_27_28.json,-350.4449801300622,4.539595660752875,-0.0017611714906737336,100.34904703161347
567,2022_01_21_17_18_48.json,-3.7951077071026873,1.708863255636589,-0.0003211595673408914,48.29439890412305
568,2022_01_22_11_07_01.json,252.86745979122372,0.16501195412359837,-2.585793939538173e-05,13.413456174568939
569,2022_01_23_08_47_46.json,-281.261134806389,3.877803226418709,-0.0005973753961285139,88.50385674565418
570,2022_01_23_16_10_15.json,-70.54719875759403,2.276882061793079,-8.928224858418434e-05,32.451156771822475
571,2022_01_24_17_36_06.json,-36.697268033875105,2.4590737228749893,-0.00042618299450288547,27.11531345526489
572,2022_01_25_17_24_33.json,-5.738469739418576,1.702550824762889,-5.6090325128105455e-05,26.40113393783071
573,2022_01_26_15_41_36.json,-79.01732258381494,2.476374027841609,-0.0013088328936141011,56.58951202967114
574,2022_01_27_17_19_09.json,-9.043257541509774,2.2683658014598524,-0.0008307596134121481,23.380585721468993
575,2022_01_28_15_55_43.json,-290.6702399740062,3.9936115146799533,-0.0002716494851967538,96.81306105637196
576,2022_01_28_19_15_42.json,25.662248013235114,1.9794808085227331,-0.0006245335873349866,14.009267076815027
577,2022_01_29_09_17_14.json,-313.2709950433072,3.9355134132687284,-0.0002577145081084732,74.80278448301547
578,2022_01_30_12_11_26.json,-142.5883649482115,1.4556599528994993,0.0012356175388589612,108.24788912605575
579,2022_01_31_16_35_01.json,-69.75458616914261,2.729883775865963,-0.000540685653710121,27.677802952300674
580,2022_02_01_15_45_30.json,-301.4762790754237,4.305996180323731,-0.0006107050873522714,67.98059275301138
581,2022_02_01_15_51_08.json,726.4507387087003,-5.002625093367981,0.008549582562646842,45.56796007799097
582,2022_02_01_17_10_25.json,-87.50014611027098,3.057010559820935,-0.001368157840058628,11.315919166444829
583,2022_02_02_17_11_58.json,-29.872854259616417,2.490284176237575,-0.0009867798859394704,20.896137747178468
584,2022_02_03_17_02_07.json,-74.55944951822028,2.451781193783142,-0.0010367765716362061,46.0889197044106
585,2022_02_03_17_44_50.json,31.746850578305214,1.1159962491954725,0.0007451782365728554,17.334937189516932
586,2022_02_04_16_05_29.json,161.38218043098345,0.9733436451240934,-0.0002855030660824953,13.004397827371761
587,2022_02_05_07_32_10.json,-287.27904003063,3.889786385480364,-0.00037151222846411384,85.69238434682978
588,2022_02_07_16_40_45.json,175.35326702836647,0.9035619110293908,-0.0006668309294385443,18.698039938134468
589,2022_02_07_17_01_08.json,19.081529903589114,2.1148300935178233,-0.0003874869691022949,14.827408206449086
590,2022_02_07_17_36_44.json,-139.28480991814644,2.998827439081105,-0.00018150379742963964,17.140294268061496
591,2022_02_08_16_45_48.json,12.23745685183576,1.4592238246803637,-6.768258478510179e-05,19.393876790069996
592,2022_02_09_18_09_08.json,-258.97240553157854,4.017252895299045,-0.001485571060492597,48.7741716388453
593,2022_02_10_18_27_23.json,-18.655018357067064,1.6711150560337806,0.0016531306284809312,45.750278035083284
594,2022_02_10_18_39_41.json,-81.95433766619064,2.37305155589815,-0.00035284925074929586,29.3282211144805
595,2022_02_11_17_29_47.json,-44.276908106505516,2.026595702004671,-0.00010426296722738855,22.02390645477475
596,2022_02_12_07_46_38.json,-565.5420367450042,6.115663492795669,-0.0007409907040813525,33.418200442434525
597,2022_02_13_10_19_15.json,-94.15598117196771,2.701136029779393,-0.0032343105805595395,66.58632429178273
598,2022_02_13_10_50_22.json,-177.59140881109505,2.934553303243922,0.0005606655415918585,27.70631539234667
599,2022_02_13_11_00_53.json,-75.80239856255344,2.2550926397910844,-0.0002708057524100091,53.04057692626109
600,2022_02_14_15_46_55.json,-58.14858754019559,2.5523749418994064,-0.0004478871985061209,31.610952580953963
601,2022_02_15_15_53_30.json,-146.55806403908713,3.359209162682767,-0.001503634685317935,29.439515266056187
602,2022_02_15_17_30_05.json,-169.61813761706364,3.1116372099314002,-0.0006930143310038148,49.61916266664647
603,2022_02_16_14_43_48.json,-103.10554379509233,2.9313230932856342,-0.0006646956088853161,22.922543193901603
604,2022_02_17_17_44_06.json,57.586006693754285,1.1078682481609188,-3.433626770832833e-05,16.75803862626024
605,2022_02_18_16_55_35.json,2.566461447219666,1.6373904964526342,-9.848926020323911e-05,41.95315472004568
606,2022_02_19_08_38_43.json,102.8954621362505,1.3632422691522041,-0.0002837791258405682,11.745465986754272
607,2022_02_21_16_02_30.json,-109.91544034649917,3.0607533077566527,-0.0008492188529776244,33.438871165389116
608,2022_02_22_17_18_43.json,-0.35282668817600893,1.6173385469951196,-0.00016366231760810452,24.148588027616572
609,2022_02_23_17_21_13.json,-65.52464573505227,2.6796260753674384,-0.0008781691587532752,29.283519000674815
610,2022_02_24_18_44_19.json,8.193003816540823,1.5967800982357383,-0.0005693298459860206,37.4348580565576
611,2022_02_26_17_56_18.json,253.16881978237276,0.40326454559942926,-0.0013187797691743813,24.159143909711922
612,2022_02_27_16_34_16.json,-19.816629080475025,2.2930074226635253,-0.0005556998188772153,11.446254012097624
613,2022_03_01_19_01_11.json,-90.68122761617616,2.4438500227013993,-1.780735558702113e-05,21.18923318541794
614,2022_03_03_15_45_28.json,-321.0285079288042,4.296153333007948,-9.020786388908502e-05,94.63396918532821
615,2022_03_04_17_28_16.json,-75.50386204385796,2.6319262203103064,-0.0009971310986574325,19.206090063315933
616,2022_03_06_13_27_33.json,-109.75334579683286,2.621779600830499,-0.000128153778707826,27.386842098908208
617,2022_03_08_18_10_57.json,-25.282250436578067,1.6391864621429664,-0.00010112940565064232,26.93853684007449
618,2022_03_10_17_04_34.json,-90.76261082983274,2.5032945352379405,-0.0005700609346753098,54.44727169894315
619,2022_03_13_15_18_38.json,-211.54477643039203,3.6733722855245485,-0.001550408595648509,57.80921159009532
620,2022_03_13_15_59_23.json,3.4663267056129143,1.3822428498531287,0.00012337792326242887,27.87039117401307
621,2022_03_14_19_19_25.json,-3.952484427268246,2.1923310768361444,-0.0010582011833113352,27.882690183553795
622,2022_03_16_18_57_15.json,162.50623378068434,0.9278075827221577,-0.0003292683276280182,16.410978607518445
623,2022_03_17_14_29_54.json,-16.72734418303017,1.6924309628704945,-0.0001463206372520682,29.199622327773262
624,2022_03_19_14_42_56.json,-34.75796916946763,2.4190796338450147,-0.0003759859764210495,25.14299477481451
625,2022_03_20_15_21_07.json,-9.157136842033594,1.5623568707699707,1.0230875421852612e-05,26.869111887271508
626,2022_03_22_17_11_06.json,176.00728146651107,0.8780477837567544,-0.00037405592902418065,13.93068020652736
627,2022_03_24_17_01_53.json,-15.730142528966184,1.782302787603683,-0.00037313956865017575,35.89493989677456
628,2022_03_24_17_48_52.json,1.595337838482891,1.2313567616211534,0.0011475125832242467,33.44623968439271
629,2022_03_27_14_03_38.json,-14.037905501000097,1.6954561973750282,-0.00013915874290583614,26.010569092704312
630,2022_03_29_14_49_53.json,92.66138877839472,1.4849086251913577,-0.0004696902621131586,12.383191861206178
631,2022_03_30_17_28_09.json,-64.42182034130022,2.0967583154564626,1.9308655909256205e-05,28.90345668632822
632,2022_04_01_15_45_12.json,-37.489703827124885,2.130731868835907,-0.0007477859105301849,46.1703858392187
633,2022_04_02_16_29_01.json,-411.9713752350512,5.220025722390304,-0.0005525079262161435,34.63434781898303
634,2022_04_03_15_32_57.json,-76.45445577018643,2.256117931072913,-8.914846671618165e-05,45.75301301172883
635,2022_04_05_15_56_57.json,9.433343913476222,2.016955647066343,-0.0005369531419075324,35.991731730632345
636,2022_04_07_16_32_40.json,-48.95770402152081,1.9469343160790729,-8.88260561983976e-05,21.09756022921112
637,2022_04_08_17_28_41.json,86.07444184955548,1.4867053477648358,-0.0003096624642166919,28.37607275902957
638,2022_04_09_08_43_18.json,-377.8274047097866,4.236660044419634,0.00048606282206505524,83.66135472338595
639,2022_04_10_16_42_23.json,-9.303145005825854,1.697688555879068,-8.891288087178435e-05,25.679540808968348
640,2022_04_11_17_04_04.json,116.3031433252468,1.3125688898614785,-0.0002608091252984947,13.533553711238453
641,2022_04_15_15_57_55.json,-70.5383438755062,2.2520447909397436,-0.0004673903489969796,26.11822631466288
642,2022_04_21_08_01_40.json,45.18167506102884,0.18325589442091114,0.003863407665629071,79.83210149984309
643,2022_04_21_18_14_39.json,149.79333642040444,1.0204316422359017,-0.0003367902920136498,12.592582593737902
644,2022_05_06_16_35_19.json,33.396696584358665,1.9936988885399631,-0.0011174229866880274,16.73747394691372
645,2022_05_16_17_12_05.json,15.685494162240161,1.961447200227359,-0.0008637597983912981,12.02956511605686
646,2022_05_20_16_52_24.json,9.993043473964462,2.0348320942658646,-0.0006212957466959294,8.488063297242034
647,2022_05_22_07_36_31.json,186.6489093126851,0.648885543486377,-8.620698252673282e-05,17.323798943807546
648,2022_05_24_17_19_57.json,110.35789305263057,1.2794243437653612,-0.00034723531346151146,18.26826247531648
649,2022_05_27_17_09_46.json,125.67356939480518,1.135454812010718,-0.0003359435894724888,12.474075107899305
650,2022_05_29_08_03_42.json,113.8033114048493,1.1321220026541983,-0.00017433999930977116,13.558789222099453
651,2022_05_30_07_44_25.json,148.9057548760608,0.9813892138544087,-0.00034529753805945257,9.882234658214553
652,2022_05_31_16_49_05.json,107.43090572758575,1.309612908239153,-0.00034101743448859765,11.375371708041666
653,2022_06_01_16_33_39.json,-389.9366876416211,4.716484927607646,-0.0011650920416271255,91.05766892281837
654,2022_06_02_16_13_46.json,113.97641830245792,1.3440678395201866,-0.0003065187800042452,10.54175859860775
655,2022_06_03_15_35_15.json,42.37361153595194,1.8344160663283988,-0.0003466643859467322,12.487524563163772
656,2022_06_04_08_00_34.json,258.85922324490133,0.11279525339951887,1.5390076973609036e-05,12.0190341016053
657,2022_06_06_14_14_44.json,117.94554956767544,1.209852143086863,-0.00020512722948903272,11.552838206512716
658,2022_06_07_14_56_52.json,67.957519778412,1.6795376109348539,-0.00028848352704251556,16.691780858688375
659,2022_06_08_14_46_46.json,-233.55418417278253,3.8726075153427684,-0.0008857468849810771,52.50446210763828
660,2022_06_09_16_23_58.json,84.4380963732282,1.5468434537881646,-0.0002584359529970743,12.753165867059717
661,2022_06_10_15_34_41.json,139.76561268562898,1.1037967425003588,-0.00013767459662179554,15.112832983171863
662,2022_06_11_07_36_27.json,90.42246937794783,1.3933207053165073,-0.00011707058895389713,10.781461259566662
663,2022_06_13_16_20_21.json,105.16466604398153,1.3580800437648417,-0.00010683221188074422,20.47320269863245
664,2022_06_14_16_19_10.json,126.77088790896963,1.2111773658703429,-0.0002640064166862844,18.04600454213652
665,2022_06_15_14_43_46.json,-186.2615256165385,3.4482460760562326,-0.00037971135623704493,73.36449425111365
666,2022_06_16_16_16_53.json,88.17660544215585,1.4755749509245606,-0.00016391879974499352,22.592415235278406
667,2022_06_17_13_40_01.json,107.38942645002678,1.3292800673376235,-0.00020519066103765173,18.774879382165224
668,2022_06_18_07_33_21.json,72.07069361096114,1.586747817287352,-0.00017037440937538013,9.494353816295446
669,2022_06_20_16_14_13.json,181.54024010708912,0.7528942428689581,-0.00011214218936435804,17.85507970045723
670,2022_06_21_05_38_18.json,95.2622899836413,1.3966829300997885,0.000258990341769954,13.19981877398525
671,2022_06_23_06_03_20.json,-192.97729070022586,3.506520766971216,-0.0005041892784829203,38.75752009552771
672,2022_06_24_18_19_48.json,48.27698336637448,1.8645785068302376,-0.00021513326504757227,13.532288078048966
673,2022_06_25_08_03_20.json,115.67618439831458,1.2468777997576501,-0.0001861555710647782,14.47253734664658
674,2022_06_27_16_16_54.json,155.943857151519,0.9360951001103232,-0.0003235040151255186,19.120629077587964
675,2022_06_28_16_45_07.json,164.20804413415152,0.9091861003837747,-0.00013219993188555228,15.613111609245713
676,2022_06_29_15_52_58.json,-259.11768340425635,4.05798266255053,-0.0006644907475396572,52.36060763409132
677,2022_06_30_16_55_40.json,75.83666343920132,1.605003891950025,-0.00029787468152554883,16.066905124351496
678,2022_07_01_14_42_32.json,373.42772447399796,-0.6657275167160166,2.8265740014352647e-05,12.393288048123074
679,2022_07_02_07_22_18.json,48.53316694550671,1.792009821609659,-0.00028658954202756494,12.16824758445193
680,2022_07_04_16_32_01.json,154.6298883216909,0.9005133637325544,7.03116408512983e-05,22.5554881295277
681,2022_07_05_14_59_07.json,171.01725754489786,0.8291257197165147,-0.00011422981975330428,25.558111810519915
682,2022_07_06_15_47_51.json,-313.6980944420042,4.5286360413128985,-0.001141168851616247,64.20221325664153
683,2022_07_07_15_36_32.json,155.1103999773237,0.9648439029852709,-0.00011936460143332872,14.785963993853434
684,2022_07_08_15_12_12.json,148.12173618472468,1.0084791591283513,-9.108672162864707e-05,9.826165018946538
685,2022_07_09_07_26_07.json,126.5586328583403,1.1550793378624298,-0.00010462076712609658,17.441486983148515
686,2022_07_11_16_06_22.json,220.2684532528066,0.42086314904601657,-1.2660865797630164e-05,16.166637032624237
687,2022_07_12_14_03_04.json,166.98254309282441,0.8630792584770067,-3.216112290381401e-05,16.918174928092853
688,2022_07_13_15_00_14.json,-221.3400818557933,3.92189122610608,-0.0010057703717596866,54.09767801020168
689,2022_07_14_14_57_00.json,121.6929797368092,1.2134055711931564,-0.00022814591835475774,16.298006226541894
690,2022_07_15_14_58_58.json,134.01435301062838,1.1066044478121522,-9.322921506824194e-05,11.429482291602032
691,2022_07_16_07_45_18.json,144.6922587366086,0.9750349448275819,-7.345451338932235e-05,12.784983009414393
692,2022_07_17_08_02_51.json,143.65087813228945,1.0126544708253182,0.00023226994528154698,18.97108039269214
693,2022_07_18_16_47_29.json,-85.49113769612771,2.5127737591926573,-0.0005661512370933358,43.856553530440486
694,2022_07_19_17_15_02.json,-115.2543276756522,2.7879075904722517,-0.0024775879182198897,58.89008248762574
695,2022_07_19_17_51_26.json,-178.69400556564034,3.066702363096852,-0.0004579489689502036,45.959160104031966
696,2022_07_20_18_22_18.json,189.90324683401374,0.7964072396406234,-0.00024180183878530116,16.674997973308415
697,2022_07_21_15_05_08.json,-134.56469946999837,2.698945348336338,-0.0003683958999394043,39.7770719982394
698,2022_07_22_15_37_58.json,234.46555595800896,0.376358394756532,-4.3660350682028316e-05,11.076540723175993
699,2022_07_23_07_36_46.json,-322.52823443434386,4.030076731610711,-0.00031550282174550856,94.39198128363974
700,2022_07_25_18_43_36.json,-106.37398496516693,2.5958299900295065,-0.00044033746682673814,30.187168905683876
701,2022_07_26_15_19_05.json,-231.03332365379475,3.4688843778694776,-0.000543442418312931,80.47720858769625
702,2022_07_26_16_29_24.json,-92.52214978547352,2.294047263042141,5.42831672768087e-05,28.197286541310003
703,2022_07_27_18_17_06.json,10.37646641633512,2.2802903561676198,-0.0005527137378850501,12.292539085690398
704,2022_07_28_15_45_47.json,-58.99183000385554,2.087193381207477,-0.00026552971038635946,34.432178982613564
705,2022_07_29_18_21_42.json,-230.2721967765783,3.5202581048674793,-0.0013565248859522358,60.30935923239904
706,2022_07_29_18_29_44.json,-16.897025601554844,1.8635372680570956,-6.993456255337128e-05,85.72310213074685
707,2022_07_29_19_00_27.json,-14.809740128715504,1.1019437672042534,0.0010370050066791361,26.5120355062138
708,2022_07_30_13_34_10.json,-206.02398924837007,3.458372213287113,-0.00043667143853630636,47.26885141953212
709,2022_08_01_17_53_44.json,54.8934054651623,0.789759381790189,0.005059979201221645,43.481244020781
710,2022_08_01_18_00_59.json,-114.86828090002982,2.6295508827710083,-0.0006533278270589204,28.14721277152619
711,2022_08_02_14_33_48.json,-333.3162305401387,4.2881324891289845,-0.0005338678054318076,84.06955387058211
712,2022_08_03_18_00_05.json,138.0492648239327,1.1018245766975854,-9.794276970226599e-05,10.773237373949215
713,2022_08_04_16_48_21.json,-128.76444859167995,2.7758997678378763,-0.0001689085621227623,33.13644854174857
714,2022_08_06_16_53_15.json,-305.93852763352277,4.064754304866701,-0.001067470777512551,87.17111692012219
715,2022_08_07_08_34_45.json,-585.2387216297647,5.696704076316344,0.0033766414598954777,95.57670591350859
716,2022_08_07_09_13_10.json,-347.8102766079992,3.851925773190932,-0.0005566695916144329,71.52462226546106
717,2022_08_09_06_16_40.json,90.02908360987618,1.5054172896272666,-0.0005703739764328877,10.625709878575712
718,2022_08_10_17_01_40.json,159.8999498366585,0.9466555627125983,-0.00021780266795120922,21.45855484238043
719,2022_08_11_17_35_44.json,-180.29587215042147,3.3634700382566574,-0.001218124201019367,62.07325395088401
720,2022_08_13_07_16_02.json,-362.47159582989354,4.209377807484739,-0.00036716319171794837,95.2988175800434
721,2022_08_15_16_24_34.json,-27.037013915974143,1.9233378753542003,-0.0005112865678277583,47.25746880648285
722,2022_08_16_16_24_18.json,-198.64810700612347,3.321103824834689,-0.000877589517422781,47.95195862387213
723,2022_08_17_17_58_06.json,-141.69706471583373,3.2232185845626944,-0.0009585205133393144,31.976765275159494
724,2022_08_18_15_19_53.json,-196.0507764524552,3.4255292969194833,-0.0013305353463107983,61.65602944133036
725,2022_08_19_14_09_11.json,-358.214282178519,4.202218465279237,4.318046320722814e-05,102.04780143678465
726,2022_08_20_06_52_28.json,-264.1739083608221,3.6221285051119074,-0.000311243166437612,82.85660618720097
727,2022_08_22_18_17_09.json,-152.4050486174614,3.197077591483289,-0.0005458126526737674,43.197023106983025
728,2022_08_23_17_54_03.json,-147.3861719133239,3.006950514405107,-0.0007733125528279827,57.35903533262369
729,2022_08_25_15_42_30.json,-174.92890905046085,3.146511741173898,-0.001365381480680073,34.5684771985131
730,2022_08_25_15_54_53.json,-116.99193495548468,2.4898388599468784,-0.0003450433353567712,63.158852432088345
731,2022_08_26_14_50_00.json,-329.0516495296122,4.183580912009937,-3.538044885604319e-05,75.32548640497558
732,2022_08_27_07_17_16.json,-242.30239719923583,3.366309436617868,-0.00028275925105566415,81.3672838449772
733,2022_08_29_16_07_59.json,-195.83643203619525,3.3154776484417403,-0.00011392434448432921,30.018501341661782
734,2022_08_30_18_40_02.json,-161.20212282354015,2.962514331894786,-0.0005656375824955975,38.872810787295144
735,2022_08_31_17_41_33.json,-49.43967369978674,2.5545437518957894,-0.0005757364999050517,16.48342666065196
736,2022_09_04_16_51_19.json,86.12470415215984,1.4534826717621239,-0.0006214970791249416,27.145113602723807
737,2022_09_06_06_57_01.json,82.4138699064097,1.5762388781841916,-0.0006847877963186365,28.43985923504407
738,2022_09_08_07_00_39.json,116.70607818439592,1.246692534262876,-0.0014202991029897201,43.066333778528886
739,2022_09_11_17_49_00.json,-284.8517906116458,3.855306988731903,-0.0005527155978380512,101.7896505558565
740,2022_09_12_18_05_31.json,14.747394410945958,1.4862440726369528,-0.000254897485777068,24.325913237622977
741,2022_09_13_13_56_53.json,-273.18014644641437,4.008381285636385,-0.0007512067732077781,32.95111423841369
742,2022_09_13_14_04_46.json,-117.91157579067888,2.505389106532646,-0.0005301684823676649,61.48959702611724
743,2022_09_13_15_03_13.json,32.61070253472138,0.5798725377537179,0.00193379804232583,24.59916677807127
744,2022_09_14_15_21_05.json,-180.2314409556422,3.2716346272560637,-0.0011672955045565524,49.27700374587058
745,2022_09_16_16_52_43.json,0.6386166716267496,1.5020986939561327,-0.00012918395436992337,26.763778031579868
746,2022_09_17_09_02_41.json,-99.59738698083837,2.547434098888099,-0.0006881673044118316,36.90624096361735
747,2022_09_18_14_29_32.json,-129.5659640752489,2.8313872299126643,-0.0005498289230520388,31.333193601292226
748,2022_09_19_17_31_44.json,76.47106626655838,1.5514028806901194,-0.000913538876456651,11.12331463938465
749,2022_09_20_14_57_41.json,-79.18955423155643,2.412241631529399,-0.000827806567322169,27.753825530362157
750,2022_09_21_17_24_10.json,-132.59355698457037,2.716710232578861,-0.000766360171229931,32.098703342812236
751,2022_09_22_10_37_29.json,-44.03194207948033,1.7511488742070465,-9.834238630767772e-05,23.611741064638345
752,2022_09_24_08_23_15.json,184.75232904317312,0.609830750173247,-0.0003935859367586651,39.0493911433694
753,2022_09_26_15_51_41.json,-22.224327673557184,1.8403229941220542,-0.0005321051962111051,23.75336534165638
754,2022_09_27_06_45_48.json,36.09060745396607,1.948020649953944,-0.0010084293558769413,10.561286695125998
755,2022_09_30_15_36_48.json,-10.470935687856695,1.5318620891423362,0.00038699127790739956,24.112465093250474
756,2022_09_30_16_02_20.json,54.39224833423481,1.2255349429355156,-0.00034732563298691044,26.66338101978776
757,2022_10_01_08_09_42.json,27.981641555657063,1.0445237551897357,2.934593993385851e-05,17.79994036289642
758,2022_10_01_16_27_51.json,97.26558578981968,1.446873761413426,-0.000782459193026332,11.474905242090237
759,2022_10_03_16_08_22.json,-33.236561189408064,2.016858579147066,-0.0006453805356202711,30.229047164850048
760,2022_10_04_15_05_01.json,-116.64018858809322,3.0255561835829767,-0.0009609494769921857,18.88812616964041
761,2022_10_05_14_14_43.json,-4.659432523087617,1.7234105882416453,-0.0002720878567560529,21.961525188564703
762,2022_10_05_15_29_25.json,118.05217245349311,1.1462036999512288,-0.00024052945770859982,13.833228357421316
763,2022_10_07_14_34_20.json,-70.00435417908639,2.247141305317872,-0.00047353039680941,15.00282413524572
764,2022_10_08_07_51_08.json,47.487001393145135,1.0398108143971554,-5.155794304679694e-06,17.366121608292666
765,2022_10_08_14_05_15.json,82.35824873619495,1.545091397150746,-0.0008439614650200841,10.689736782123987
766,2022_10_09_07_32_06.json,150.8027961598304,0.9142956820265712,-0.00014354245219312529,12.662981996045145
767,2022_10_10_16_45_32.json,-57.263999887543264,2.224193659575593,-0.0008850726073936757,27.831152746149712
768,2022_10_11_16_01_07.json,-34.45997913659002,1.8904828948296535,-0.0002687425512127983,17.565486790071937
769,2022_10_12_15_57_01.json,-88.41373514369678,2.9165830048692274,-0.000742463545655246,24.993684011472393
770,2022_10_14_15_08_18.json,102.41941731463578,1.3569085615615266,-0.000897202765987478,18.615652746417812
771,2022_10_16_15_40_31.json,-18.26810482372514,1.622726586700651,-1.3561054489386244e-05,19.924643654378894
772,2022_10_17_15_44_33.json,-66.03137522035732,2.162048016294012,-0.00046323351698718566,25.8605211077999
773,2022_10_18_14_09_49.json,-14.032299289230025,1.724187115881044,-0.00019290349400241744,25.727476138201844
774,2022_10_18_15_47_48.json,-56.89259798883069,2.031222033756565,-0.00042368634343343056,21.57726263115576
775,2022_10_19_15_35_08.json,-262.840156785685,4.019033039600857,-0.0016240759535615962,63.668436535553845
776,2022_10_21_15_56_12.json,13.088212462246588,1.4218710985132172,-0.00018095522815779656,26.75967736393864
777,2022_10_21_18_17_05.json,-21.36715848558444,1.7573263435009123,-0.0003116587915102089,21.728733256142718
778,2022_10_22_06_40_11.json,127.46809130406987,0.34878418975941133,9.327624775623754e-06,16.530394203292783
779,2022_10_22_09_49_13.json,-26.371462694883007,2.2911953846726982,-0.0007366751698302074,21.033214389929338
780,2022_10_24_17_25_13.json,-134.13804806581905,2.74969248983184,-0.0003086899788621409,29.078477941954485
781,2022_10_25_15_58_23.json,-112.98058859101423,3.0746369191384932,-0.0008550467893358028,28.885457695881467
782,2022_10_26_15_43_27.json,-135.6322712497559,2.8896482213558836,-0.0010431942225848745,48.01483815617844
783,2022_10_28_16_21_20.json,105.30168688391566,0.6769167563458052,-0.005164553810390535,34.740022595811034
784,2022_10_28_16_28_30.json,17.309055657186178,1.4858988653765803,-0.00027873618476527813,19.01672194404932
785,2022_10_29_07_36_31.json,15.871526304144567,1.237640964882949,-6.50419261636497e-05,26.04885143269319
786,2022_10_30_07_07_46.json,133.35254112596985,1.0483633055812802,-0.00011722703049881535,17.950035635967243
787,2022_10_31_16_52_49.json,-16.12988932362066,1.7634567401043366,-0.0001453715208091991,26.31639420586869
788,2022_11_01_15_00_33.json,-299.67663084878603,4.69757028382609,-0.0034259440405054542,40.93183408909382
789,2022_11_01_15_40_16.json,-356.6997688502537,4.4879805059071245,-0.00036176203955715666,18.760350239646986
790,2022_11_03_14_41_15.json,-99.43772697448566,2.543731266153495,-0.0007501440658114854,49.50651979896161
791,2022_11_05_07_52_18.json,-14.601154738977897,1.7015809047170942,-0.0001408001557110235,25.88790414921773
792,2022_11_05_17_05_18.json,-370.53973118990484,4.644994360976299,-0.002530820079802433,86.48316678931579
793,2022_11_06_08_41_17.json,-612.4309031593082,6.125165794149321,-0.0022499047667225015,103.7229086261642
794,2022_11_06_09_03_35.json,-420.84032585881204,4.932344357693946,-0.0006678829036278863,38.95129429360459
795,2022_11_06_09_36_57.json,-22.764259962419658,1.8347161551485982,-0.00013762043521922934,60.75568453960238
796,2022_11_06_10_07_48.json,-330.1468140238169,2.8566761660952453,0.022973529419565188,60.96638083998955
797,2022_11_07_17_10_42.json,-0.5273693155882597,1.6722863243289512,-0.00012111899792295852,21.78872433342578
798,2022_11_07_18_20_30.json,102.20147793181559,1.5335217058718953,-0.0016421396411018612,27.86811844673776
799,2022_11_08_17_44_57.json,-119.69662085731903,3.2022861302078427,-0.0010300320146809422,31.355566316352345
800,2022_11_11_15_57_58.json,-11.492390297660734,1.7814257351936693,-0.0003415827308954241,42.27010439961464
801,2022_11_12_07_27_22.json,142.823793913921,1.0367908315156849,-0.00018324098455841653,24.634333874391924
802,2022_11_14_17_47_12.json,4.218967880398623,1.620286184364774,-0.0001246274494059208,27.010222556377176
803,2022_11_15_16_35_29.json,-16.295246967749932,1.8268494935589294,-0.0002251344997708264,22.223673685933402
804,2022_11_16_16_20_34.json,94.08737232307823,0.9667013996938881,-0.025253604676010108,42.794200256210885
805,2022_11_16_16_28_22.json,-101.11717050180715,2.630413953297565,-0.0007461125796363206,27.212846023353283
806,2022_11_17_17_31_36.json,-47.068027518659335,2.6198350786674607,-0.0005412478762729805,67.38749854086721
807,2022_11_19_06_56_40.json,143.2179493157537,0.2606938492760183,1.5684554191702546e-05,24.236005494341292
808,2022_11_19_10_21_38.json,163.9932231196947,0.9728896005499778,-0.0009868964601845093,15.387448865245402
809,2022_11_20_07_35_04.json,206.0639550009005,0.5783718482619788,-0.00018526999432415215,19.379895411141195
810,2022_11_21_15_07_38.json,-272.7730381735598,3.99446699962412,-0.0005609472856286163,88.61278063337784
811,2022_11_22_16_40_50.json,-59.447676335103665,2.780507221564329,-0.0008947666842829191,26.59695767756345
812,2022_11_23_16_47_38.json,-133.19195639755338,2.7685599160803256,-0.0007041284042896005,31.030971774519525
813,2022_11_26_08_05_20.json,-43.50573960605763,1.9619946361484941,-0.00022482548808492196,18.39099721469093
814,2022_11_26_09_41_13.json,63.361180389490244,1.852148286789524,-0.0015314720920833421,15.710179908134124
815,2022_11_29_14_57_00.json,-147.1889299774304,2.943443048656936,-0.0006885797606112147,41.05334001752818
816,2022_11_30_14_57_44.json,-57.97199660056418,2.7026297348400425,-0.0009971678061218795,12.334583224054217
817,2022_12_01_17_52_21.json,227.4774602953715,0.306144332985871,-1.2227347274899536e-05,12.34309905596355
818,2022_12_02_14_39_18.json,-11.760306542718496,1.6469006377974398,-1.528693772347256e-05,22.948528297444977
819,2022_12_04_07_51_04.json,-135.1331581477466,2.4048325411347724,-0.00017481795161842405,71.29313367199119
820,2022_12_04_10_32_38.json,306.18935299784033,-0.05985382620201459,-0.0002685972843319082,38.20840576348753
821,2022_12_07_16_03_47.json,-258.95575683623326,3.8600110634527307,-0.0017409531433364405,124.87404785390484
822,2022_12_11_18_30_31.json,-64.77116990630489,2.179188239309872,-0.00015241680094514452,46.66559407171089
823,2022_12_12_16_50_52.json,-148.38995578120648,3.009457518360733,-0.0008641229181564348,48.75670870885494
824,2022_12_14_14_35_02.json,-152.6428261374861,2.9284749937917898,-0.00040566196458824736,52.72710149402789
825,2022_12_15_15_56_18.json,-69.62573983039738,2.3323267343918297,-0.0008523347281123589,40.3195797851839
826,2022_12_17_07_42_23.json,-378.06205281381176,4.283884609167466,-0.0004144770785675265,84.91923794328703
827,2022_12_18_11_02_50.json,-299.54250229309986,3.9169269742858974,0.0003139475711254831,58.52120945996064
828,2022_12_19_14_52_01.json,-271.7092145983146,4.023712986329578,-0.003630625100681345,57.00975897294048
829,2022_12_19_15_10_22.json,-10.970172264254188,2.014737244155264,-0.0014729529348783614,88.09344072149636
830,2022_12_19_15_52_35.json,-60.0233159590837,1.6624169453840123,0.0024964189672582486,33.09838755289215
831,2022_12_20_15_08_51.json,-21.880972278906825,1.8296825259130787,-0.00025686959234906244,20.256884362676818
832,2022_12_22_07_29_47.json,-31.085230109099456,1.8725043287170942,-0.00046452758177308447,43.9193991483699
833,2022_12_22_14_13_47.json,-178.4091470596474,3.357530143390432,-0.0015241014967530791,45.20953616107769
834,2022_12_23_08_08_04.json,-298.77729109506333,3.7249695845755313,-0.0003825838817900698,86.66692561807659
835,2022_12_25_08_14_11.json,-22.80172686489948,1.8421439517879337,-0.00025361887704329096,26.29252946094596
836,2022_12_26_08_15_49.json,-50.88580536246667,2.086198337086983,0.0006978476509161698,31.435453286556857
837,2022_12_26_16_46_52.json,-49.313543223626624,2.076249554548124,-0.00015813164338567557,30.34175037836186
838,2022_12_27_17_34_04.json,-162.83544750052064,3.15943309770534,-0.0012540062025252964,63.5469100039781
839,2022_12_28_16_33_48.json,-26.04771924718932,1.9723020095146626,-0.0002741676199688276,27.31988279635546
840,2022_12_29_16_39_21.json,-135.81213519834617,2.822867286180965,-0.0008433568954821357,42.43812963581865
841,2022_12_29_17_06_03.json,206.3818978222963,-0.7468262903062782,0.00438560423248008,27.803102278503115
842,2022_12_29_17_10_31.json,-141.51064239376564,2.570100814983127,-0.0002732961167766769,73.65283429737248
843,2022_12_29_18_00_25.json,-41.792270447706684,1.1047818673868328,0.0027592747158760116,29.615612270090494
844,2022_12_30_16_24_02.json,-112.5728689451569,2.7658812629992613,-0.000580678322787404,28.96066315953407
845,2023_01_01_07_56_58.json,-324.85859766475653,4.201077003718227,-0.0005826884888045211,85.33774828853764
846,2023_01_02_17_23_30.json,-22.29335793062046,1.7113081054572896,0.0002434049512062358,16.76706850446404
847,2023_01_02_17_57_33.json,12.126537075374529,1.473049109868293,-1.3284418238360039e-05,19.7783006755217
848,2023_01_03_16_12_05.json,-119.26120639998766,2.731409909137605,-0.0005174477057212507,24.439547179473962
849,2023_01_04_16_25_31.json,9.226180511879704,1.6714513057286615,-0.000602444978275569,38.94360464616747
850,2023_01_04_16_54_18.json,8.763487740105631,1.5015155110655394,-1.0826448783636277e-05,37.70088325413258
851,2023_01_05_15_08_15.json,-176.98828945045602,3.27740043095428,-0.00342367732108311,48.11052955789283
852,2023_01_05_15_16_43.json,-209.7727414482486,3.1162072324473784,-0.000614574080221305,90.50114662507573
853,2023_01_05_16_05_57.json,-34.49286409361795,1.1156967264740063,0.0017016121186563314,25.644885906672446
854,2023_01_08_08_48_52.json,98.20351484964857,0.8230001644715743,-2.102479920916691e-05,29.073097162767773
855,2023_01_08_19_03_15.json,-46.586175206692076,2.1272693068143362,-0.00025053782678427966,32.123434279928524
856,2023_01_09_17_20_20.json,-82.0976548606645,2.5852362859000295,-0.0007568636098588663,28.352939319092936
857,2023_01_10_17_32_47.json,61.37597646165784,0.9883200349509944,0.0010934893636926214,27.277091056376193
858,2023_01_10_18_00_07.json,-167.2664109749096,3.073453731655835,-0.00036496594316644406,38.91255417897062
859,2023_01_11_17_30_18.json,24.687779254941773,1.2557586001709804,0.0010276740061120058,24.846394395898837
860,2023_01_11_17_56_12.json,-22.143078702141764,1.9965830987964508,-0.000656898193979459,41.61314099287208
861,2023_01_12_14_19_06.json,-144.53065911198925,3.0075512333100405,-0.000739132032182211,51.03852414270796
862,2023_01_13_18_08_37.json,-119.04683075491354,2.780985753333502,-0.0006150785122106807,32.97601968643673
863,2023_01_15_07_20_53.json,-283.19726096799434,3.8697680922349513,-0.0005873488910934772,76.80218861483534
864,2023_01_16_18_45_20.json,-196.58627052437018,3.3711634938355797,-0.0003727064013225655,44.6553201927388
865,2023_01_17_15_58_11.json,-124.08750619732186,2.6644864646556194,-0.0005961561486827824,46.68289858619496
866,2023_01_18_17_51_23.json,8.062367587457459,1.6400890126457497,-0.0005319680351409204,29.89526379180938
867,2023_01_19_17_09_17.json,-169.72077461559715,3.0883957433595612,-0.000680660045489954,50.94161726683786
868,2023_01_20_15_45_29.json,-23.3374974045569,1.9265916971193855,-0.00044729464548280375,24.509576881669282
869,2023_01_21_16_41_51.json,-110.36975356115664,2.5842138247718776,-0.00023052615265328186,30.136759752722156
870,2023_01_22_17_42_59.json,-10.520959443902484,1.7743637926819893,-0.00034163948405440623,27.533137637804654
871,2023_01_23_09_20_11.json,-42.193357787057124,2.013788174975702,-0.00035110583480736423,29.96331591972841
872,2023_01_23_17_08_22.json,-180.62830612345726,3.2559079802796522,-0.001021310804848074,43.954752877566776
873,2023_01_24_16_28_41.json,7.726033406753288,1.6453879884059561,-0.00016394916528171072,22.99838693158357
874,2023_01_25_13_55_25.json,-206.07211243557674,3.5027704573884235,-0.006573798165447802,43.55283792084272
875,2023_01_25_14_10_50.json,-692.9250695979359,6.261091414857209,-0.002989427438985032,99.21021834818109
876,2023_01_25_14_37_07.json,-272.4651912992706,3.2817914194589757,-0.00015708180771682292,36.31966351212149
877,2023_01_26_15_30_33.json,-64.30714323822926,2.0850301203278514,-0.0002753570345646589,35.367356721537206
